year,area,site,acropora,favites,porites,total
2008,0.1089,MEC,0,0,0,1
2008,0.1089,MEC,0,0,0,0
2008,0.1089,MEC,1,0,0,1
2008,0.1089,MEC,0,0,0,0
2008,0.1089,MEC,0,0,0,1
2008,0.1089,MEC,0,0,0,1
2008,0.1089,MEC,0,0,0,0
2008,0.1089,MEC,0,0,0,0
2008,0.1089,MEC,1,0,0,1
2008,0.1089,MEC,0,0,0,1
2008,0.1089,MEC,0,0,0,2
2008,0.1089,MEC,0,0,0,1
2008,0.1089,MEC,0,0,0,0
2008,0.1089,MEC,0,0,0,2
2008,0.1089,MEC,0,0,0,2
2008,0.1089,MEC,0,0,0,0
2008,0.1089,MEC,1,0,0,1
2008,0.1089,MEC,0,0,0,0
2008,0.1089,MEC,0,0,0,0
2008,0.1089,MEC,0,0,0,1
2008,0.1089,MEC,2,0,0,4
2008,0.1089,MEC,1,0,0,1
2008,0.1089,MEC,1,0,0,1
2008,0.1089,MEC,0,0,0,1
2008,0.1089,MEC,0,0,0,0
2008,0.1089,MEC,0,0,0,0
2008,0.1089,MEC,0,0,0,1
2008,0.1089,MEC,0,0,0,0
2008,0.1089,MEC,0,0,0,0
2008,0.1089,MEC,0,0,0,0
2008,0.1089,MEC,4,0,0,4
2008,0.1089,MEC,0,0,0,1
2008,0.1089,MEC,0,0,0,0
2008,0.1089,MEC,0,0,0,0
2008,0.1089,MEC,1,0,0,1
2008,0.1089,MEC,1,0,0,1
2008,0.1089,MEC,0,0,0,0
2008,0.1089,MEC,0,0,0,1
2008,0.1089,MEC,0,0,0,0
2008,0.1089,MEC,1,0,0,1
2008,0.1089,MEC,1,0,0,1
2008,0.1089,MEC,2,0,0,2
2008,0.1089,MEC,3,0,0,3
2008,0.1089,MEC,0,0,0,0
2008,0.1089,MEC,0,0,0,0
2008,0.1089,MEC,2,0,0,2
2008,0.1089,MEC,0,0,2,2
2008,0.1089,MEC,6,0,6,12
2008,0.1089,MEC,5,0,0,5
2008,0.1089,MEC,0,0,0,0
2008,0.1089,MEC,0,0,1,1
2008,0.1089,MEC,0,1,0,2
2008,0.1089,MEC,0,0,0,0
2008,0.1089,MEC,0,0,1,1
2008,0.1089,MEC,0,0,0,0
2008,0.1089,MEC,0,0,0,1
2008,0.1089,MEC,0,0,0,0
2008,0.1089,MEC,0,0,1,1
2008,0.1089,MEC,0,0,0,0
2008,0.1089,MEC,0,0,0,0
2008,0.1089,MEC,0,0,0,0
2008,0.1089,MEC,2,0,0,2
2008,0.1089,MEC,0,0,0,1
2008,0.1089,MEC,0,0,0,1
2008,0.1089,MEC,0,0,0,0
2008,0.1089,MEC,0,0,0,0
2008,0.1089,MEG,0,0,0,0
2008,0.1089,MEG,1,0,0,1
2008,0.1089,MEG,0,0,0,0
2008,0.1089,MEG,0,0,0,0
2008,0.1089,MEG,0,0,0,1
2008,0.1089,MEG,0,0,0,3
2008,0.1089,MEG,0,0,0,0
2008,0.1089,MEG,0,1,0,1
2008,0.1089,MEG,0,0,1,1
2008,0.1089,MEG,0,1,1,2
2008,0.1089,MEG,0,0,0,0
2008,0.1089,MEG,0,0,2,2
2008,0.1089,MEG,1,0,0,1
2008,0.1089,MEG,0,3,0,3
2008,0.1089,MEG,0,0,2,2
2008,0.1089,MEG,0,0,2,2
2008,0.1089,MEG,0,0,0,0
2008,0.1089,MEG,0,0,0,2
2008,0.1089,MEG,0,1,2,4
2008,0.1089,MEG,0,0,0,1
2008,0.1089,MEG,0,0,0,0
2008,0.1089,MEG,0,0,0,1
2008,0.1089,MEG,0,0,0,1
2008,0.1089,MEG,0,0,2,2
2008,0.1089,MEG,0,0,0,3
2008,0.1089,MEG,0,0,0,1
2008,0.1089,MEG,1,0,0,1
2008,0.1089,MEG,1,1,0,2
2008,0.1089,MEG,0,0,0,0
2008,0.1089,MEG,0,1,0,2
2008,0.1089,MEG,0,0,0,0
2008,0.1089,MEG,0,0,0,0
2008,0.1089,MEG,0,0,0,0
2008,0.1089,MEG,0,1,0,1
2008,0.1089,MEG,2,0,0,5
2008,0.1089,MEG,0,0,1,1
2008,0.1089,MEG,0,1,0,2
2008,0.1089,MEG,0,0,0,0
2008,0.1089,MEG,0,0,0,2
2008,0.1089,MEG,0,0,0,0
2008,0.1089,MEG,1,0,0,1
2008,0.1089,MEG,0,1,0,2
2008,0.1089,MEG,0,0,0,2
2008,0.1089,MEG,0,0,0,1
2008,0.1089,MEG,2,1,0,3
2008,0.1089,MEG,0,1,2,5
2008,0.1089,MEG,0,0,0,0
2008,0.1089,MEG,0,0,1,1
2008,0.1089,MEG,0,1,0,2
2008,0.1089,MEG,0,0,0,1
2008,0.1089,MEG,1,0,0,1
2008,0.1089,MEG,0,0,0,1
2008,0.1089,MEG,0,2,0,4
2008,0.1089,MEP,0,0,0,0
2008,0.1089,MEP,0,0,2,2
2008,0.1089,MEP,0,0,0,0
2008,0.1089,MEP,0,2,0,2
2008,0.1089,MEP,0,1,0,1
2008,0.1089,MEP,0,0,0,0
2008,0.1089,MEP,0,0,0,0
2008,0.1089,MEP,0,0,0,0
2008,0.1089,MEP,0,0,0,0
2008,0.1089,MEP,0,0,1,1
2008,0.1089,MEP,0,1,0,2
2008,0.1089,MEP,0,1,0,1
2008,0.1089,MEP,0,0,0,1
2008,0.1089,MEP,0,0,0,2
2008,0.1089,MEP,0,1,0,4
2008,0.1089,MEP,0,2,0,2
2008,0.1089,MEP,1,0,0,1
2008,0.1089,MEP,0,0,0,0
2008,0.1089,MEP,0,1,0,2
2008,0.1089,MEP,0,0,0,0
2008,0.1089,MEP,0,0,1,2
2008,0.1089,MEP,0,0,0,1
2008,0.1089,MEP,0,0,0,0
2008,0.1089,MEP,0,0,0,0
2008,0.1089,MEP,0,0,0,0
2008,0.1089,MEP,1,0,0,1
2008,0.1089,MEP,0,0,0,1
2008,0.1089,MEP,0,0,0,0
2008,0.1089,MEP,0,0,0,0
2008,0.1089,MEP,0,0,0,0
2008,0.1089,MEP,0,0,0,1
2008,0.1089,MEP,0,0,0,0
2008,0.1089,MEP,0,0,0,0
2008,0.1089,MEP,0,0,0,1
2008,0.1089,MEP,0,0,0,0
2008,0.1089,MEP,0,0,0,0
2008,0.1089,MEP,0,1,0,1
2008,0.1089,MEP,0,1,0,1
2008,0.1089,MEP,0,1,1,2
2008,0.1089,MEP,0,0,0,0
2008,0.1089,MEP,0,0,0,1
2008,0.1089,MEP,1,1,0,3
2008,0.1089,MEP,0,0,0,0
2008,0.1089,MEP,0,0,0,0
2008,0.1089,MEP,1,0,3,5
2008,0.1089,MEP,0,0,0,0
2008,0.1089,MEP,0,0,0,1
2008,0.1089,MEP,0,0,0,0
2008,0.1089,MEP,0,1,0,1
2008,0.1089,MEP,0,0,0,0
2008,0.1089,MEP,0,0,0,1
2008,0.1089,MEP,0,0,0,0
2008,0.1089,MEP,0,1,0,1
2008,0.1089,MEP,0,0,0,0
2008,0.1089,MEP,0,0,1,1
2008,0.1089,MEP,0,0,0,0
2008,0.1089,MEP,0,0,1,1
2008,0.1089,MEP,0,1,0,1
2008,0.1089,MEP,0,0,0,0
2008,0.1089,MNWP,0,0,0,0
2008,0.1089,MNWP,0,0,1,1
2008,0.1089,MNWP,0,0,0,1
2008,0.1089,MNWP,0,0,0,0
2008,0.1089,MNWP,0,0,1,1
2008,0.1089,MNWP,0,0,1,1
2008,0.1089,MNWP,1,0,0,1
2008,0.1089,MNWP,0,1,0,1
2008,0.1089,MNWP,1,0,0,1
2008,0.1089,MNWP,0,0,1,1
2008,0.1089,MNWP,0,0,0,0
2008,0.1089,MNWP,0,0,0,0
2008,0.1089,MNWP,1,0,0,1
2008,0.1089,MNWP,0,0,0,0
2008,0.1089,MNWP,0,0,0,0
2008,0.1089,MNWP,0,0,0,1
2008,0.1089,MNWP,0,0,0,0
2008,0.1089,MNWP,0,0,1,1
2008,0.1089,MNWP,0,0,1,1
2008,0.1089,MNWP,1,0,0,1
2008,0.1089,MNWP,0,0,0,1
2008,0.1089,MNWP,0,0,0,1
2008,0.1089,MNWP,1,0,0,1
2008,0.1089,MNWP,0,0,0,0
2008,0.1089,MNWP,0,0,2,2
2008,0.1089,MNWP,0,0,0,0
2008,0.1089,MNWP,0,0,0,0
2008,0.1089,MNWP,0,0,0,0
2008,0.1089,MNWC,0,0,0,0
2008,0.1089,MNWC,0,0,0,0
2008,0.1089,MNWC,1,0,0,1
2008,0.1089,MNWC,0,0,0,0
2008,0.1089,MNWC,0,0,0,0
2008,0.1089,MNWC,0,0,0,0
2008,0.1089,MNWC,0,0,0,1
2008,0.1089,MNWC,0,0,0,1
2008,0.1089,MNWC,0,1,0,1
2008,0.1089,MNWC,0,0,0,1
2008,0.1089,MNWC,1,0,0,2
2008,0.1089,MNWC,0,0,0,0
2008,0.1089,MNWC,0,0,1,1
2008,0.1089,MNWC,0,1,0,3
2008,0.1089,MNWC,1,0,0,1
2008,0.1089,MNWC,0,0,0,0
2008,0.1089,MNWC,0,0,0,2
2008,0.1089,MNWC,0,0,0,1
2008,0.1089,MNWC,0,0,0,0
2008,0.1089,MNWC,0,0,0,0
2008,0.1089,MNWC,0,0,0,0
2008,0.1089,MNWC,0,0,0,4
2008,0.1089,MNWC,0,0,0,0
2008,0.1089,MNWC,0,0,0,0
2008,0.1089,MNWC,0,0,1,1
2008,0.1089,MNWC,0,0,1,2
2008,0.1089,MNWC,0,0,0,0
2008,0.1089,MNWC,0,0,0,1
2008,0.1089,MNWC,0,0,0,0
2008,0.1089,MNWC,0,0,0,2
2008,0.1089,MNWC,0,0,0,0
2008,0.1089,MNWC,0,0,0,0
2008,0.1089,MNWC,0,0,0,0
2008,0.1089,MNWC,0,0,0,0
2008,0.1089,MNWC,0,0,0,1
2008,0.1089,MNWC,0,0,0,1
2008,0.1089,MNWC,0,0,0,0
2008,0.1089,MNWC,0,0,0,2
2008,0.1089,MNWC,0,0,0,0
2008,0.1089,MNWC,0,0,0,2
2008,0.1089,MNWC,0,0,0,1
2008,0.1089,MNWC,0,0,0,2
2008,0.1089,MNWC,0,0,0,1
2008,0.1089,MNWG,0,0,0,0
2008,0.1089,MNWG,0,0,0,0
2008,0.1089,MNWG,0,0,0,0
2008,0.1089,MNWG,0,0,1,1
2008,0.1089,MNWG,0,0,0,0
2008,0.1089,MNWG,0,0,0,0
2008,0.1089,MNWG,0,0,2,2
2008,0.1089,MNWG,0,0,0,0
2008,0.1089,MNWG,0,0,2,5
2008,0.1089,MNWG,0,0,4,4
2008,0.1089,MNWG,0,0,0,0
2008,0.1089,MNWG,0,0,0,0
2008,0.1089,MNWG,0,0,0,0
2008,0.1089,MNWG,0,2,6,8
2008,0.1089,MNWG,1,0,1,2
2008,0.1089,MNWG,0,3,1,5
2008,0.1089,MNWG,0,0,1,1
2008,0.1089,MNWG,2,0,0,2
2008,0.1089,MNWG,1,0,0,2
2008,0.1089,MNWG,0,0,0,5
2008,0.1089,MNWG,0,0,3,3
2008,0.1089,MNWG,1,1,0,3
2008,0.1089,MNWG,0,1,0,1
2008,0.1089,MNWG,0,1,2,4
2008,0.1089,MNWG,0,0,0,3
2008,0.1089,MNWG,0,4,1,13
2008,0.1089,MNWG,3,2,3,8
2008,0.1089,MNWG,1,3,5,13
2008,0.1089,MNWG,0,2,0,3
2008,0.1089,MNWG,0,1,0,1
2008,0.1089,MNWG,3,0,4,10
2008,0.1089,MNWG,0,0,1,9
2008,0.1089,MNWG,0,0,4,5
2008,0.1089,MNWG,1,1,0,5
2008,0.1089,MNWG,0,0,0,6
2008,0.1089,MNWG,0,0,1,1
2008,0.1089,MNWG,2,1,0,10
2008,0.1089,MNWG,0,3,0,3
2008,0.1089,MNWG,0,4,0,4
2008,0.1089,MNWG,0,0,2,3
2008,0.1089,MNWG,1,1,0,2
2008,0.1089,MNWG,1,0,4,7
2008,0.1089,MNWG,0,0,4,4
2008,0.1089,MNWG,0,0,0,1
2008,0.1089,MNWG,0,0,2,2
2008,0.1089,MNWG,0,0,1,1
2008,0.1089,MNWG,0,0,0,0
2008,0.1089,MNWG,1,1,0,2
2008,0.1089,MNWG,0,0,2,3
2008,0.1089,MNWG,0,0,2,2
2008,0.1089,MNWG,0,1,1,2
2008,0.1089,MNWG,0,0,8,8
2008,0.1089,MNWG,0,0,0,0
2008,0.1089,MNWC,0,0,0,2
2008,0.1089,MNWC,0,0,0,1
2008,0.1089,MNWC,0,0,0,0
2008,0.1089,MNWC,0,1,0,1
2008,0.1089,MNWC,0,0,0,2
2008,0.1089,MNWC,0,0,1,1
2008,0.1089,MNWC,0,0,0,0
2008,0.1089,MNWC,0,1,1,2
2008,0.1089,MNWC,1,0,0,2
2008,0.1089,MNWC,0,0,1,1
2008,0.1089,MNWC,0,0,2,2
2008,0.1089,MNWC,0,0,0,1
2008,0.1089,MNWC,0,0,0,0
2008,0.1089,MNWC,0,0,0,3
2008,0.1089,MNWC,0,0,1,1
2008,0.1089,MNWC,0,0,0,0
2008,0.1089,MNWC,0,0,0,0
2008,0.1089,MNWC,0,0,0,0
2008,0.1089,MNWC,0,0,0,0
2008,0.1089,MNWC,0,0,0,1
2008,0.1089,MNWC,0,0,0,1
2008,0.1089,MNWC,0,0,0,1
2008,0.1089,MNWC,0,0,0,2
2008,0.1089,MNWC,0,0,0,2
2008,0.1089,MNWC,0,0,0,3
2008,0.1089,MNWC,0,0,0,5
2008,0.1089,MNWC,0,0,0,3
2008,0.1089,MNWC,0,0,0,1
2008,0.1089,MNWC,0,0,0,1
2008,0.1089,MNWC,0,0,0,1
2008,0.1089,MNWC,0,0,0,2
2008,0.1089,MNWC,0,0,0,0
2008,0.1089,MNWC,0,0,0,4
2008,0.1089,MNWC,0,0,0,1
2008,0.1089,MNWC,0,0,0,0
2008,0.1089,MNWC,0,0,0,1
2008,0.1089,MNWC,0,0,0,0
2008,0.1089,MNWC,0,0,0,2
2008,0.1089,MNWC,0,0,0,4
2008,0.1089,MSAG,0,1,2,4
2008,0.1089,MSAG,0,0,0,0
2008,0.1089,MSAG,0,0,0,1
2008,0.1089,MSAG,0,0,0,0
2008,0.1089,MSAG,0,0,1,1
2008,0.1089,MSAG,0,0,0,0
2008,0.1089,MSAG,0,2,0,4
2008,0.1089,MSAG,0,1,0,1
2008,0.1089,MSAG,0,1,0,1
2008,0.1089,MSAG,0,0,0,1
2008,0.1089,MSAG,0,0,0,3
2008,0.1089,MSAG,0,0,0,4
2008,0.1089,MSAG,0,0,0,0
2008,0.1089,MSAG,0,0,0,1
2008,0.1089,MSAG,0,0,0,0
2008,0.1089,MSAG,0,0,0,0
2008,0.1089,MSAG,0,1,1,3
2008,0.1089,MSAG,0,1,0,1
2008,0.1089,MSAG,0,0,0,0
2008,0.1089,MSAG,0,0,0,0
2008,0.1089,MSAG,1,0,0,1
2008,0.1089,MSAG,0,0,0,0
2008,0.1089,MSAG,0,0,0,0
2008,0.1089,MSAG,1,1,0,2
2008,0.1089,MSAG,0,0,1,1
2008,0.1089,MSAG,1,1,0,2
2008,0.1089,MSAG,0,0,0,0
2008,0.1089,MSAG,1,1,0,2
2008,0.1089,MSAG,0,0,0,0
2008,0.1089,MSAG,0,0,0,0
2008,0.1089,MSAG,0,1,0,1
2008,0.1089,MSAG,0,0,0,0
2008,0.1089,MSAG,0,0,0,0
2008,0.1089,MSAG,0,0,0,1
2008,0.1089,MSAG,0,0,0,0
2008,0.1089,MSAG,0,0,0,0
2008,0.1089,MSAG,0,0,0,3
2008,0.1089,MSAG,0,0,0,4
2008,0.1089,MSAG,0,0,0,0
2008,0.1089,MSAG,0,0,0,1
2008,0.1089,MSAG,0,2,0,2
2008,0.1089,MSAG,0,0,0,0
2008,0.1089,MSAG,1,1,0,2
2008,0.1089,MSAG,0,0,0,0
2008,0.1089,MSAG,0,0,0,0
2008,0.1089,MSAG,0,0,0,1
2008,0.1089,MSAG,0,0,0,0
2008,0.1089,MSAP,0,0,0,0
2008,0.1089,MSAP,0,0,0,1
2008,0.1089,MSAP,0,0,0,1
2008,0.1089,MSAP,0,0,0,2
2008,0.1089,MSAP,1,0,0,1
2008,0.1089,MSAP,0,1,0,2
2008,0.1089,MSAP,0,0,1,2
2008,0.1089,MSAP,0,0,0,0
2008,0.1089,MSAP,0,0,1,1
2008,0.1089,MSAP,0,0,0,0
2008,0.1089,MSAP,0,0,1,3
2008,0.1089,MSAP,2,0,0,3
2008,0.1089,MSAP,0,0,0,1
2008,0.1089,MSAP,0,0,0,0
2008,0.1089,MSAP,0,0,0,1
2008,0.1089,MSAP,1,0,0,1
2008,0.1089,MSAP,0,0,0,0
2008,0.1089,MSAP,0,0,0,1
2008,0.1089,MSAP,0,0,0,0
2008,0.1089,MSAP,0,0,0,1
2008,0.1089,MSAP,1,0,0,1
2008,0.1089,MSAP,0,0,0,1
2008,0.1089,MSAP,0,0,1,2
2008,0.1089,MSAP,0,0,0,1
2008,0.1089,MSAP,0,0,0,2
2008,0.1089,MSAP,2,0,0,3
2008,0.1089,MSAP,1,0,0,1
2008,0.1089,MSAP,0,0,0,2
2008,0.1089,MSAP,0,0,0,1
2008,0.1089,MSAP,1,0,0,2
2008,0.1089,MSAP,0,0,1,4
2008,0.1089,MSAP,0,0,3,3
2008,0.1089,MSAP,0,0,0,0
2008,0.1089,MSAP,0,0,1,2
2008,0.1089,MSAP,0,0,3,3
2008,0.1089,MSAP,0,0,0,2
2008,0.1089,MSAP,0,0,0,3
2008,0.1089,MSAP,0,1,0,1
2008,0.1089,MSAP,0,0,0,0
2008,0.1089,MSAP,0,0,0,0
2008,0.1089,MSAP,0,0,1,1
2008,0.1089,MSAP,0,0,0,0
2008,0.1089,MSAP,0,0,0,0
2008,0.1089,MSAP,2,0,0,4
2008,0.1089,MSAP,0,1,0,7
2008,0.1089,MSAP,0,0,0,1
2008,0.1089,MSAP,0,0,0,2
2008,0.1089,MSAP,1,0,0,1
2008,0.1089,MSAP,0,0,0,0
2008,0.1089,MSAP,0,0,0,0
2008,0.1089,MSAP,0,0,0,1
2008,0.1089,MSAP,0,0,0,1
2008,0.1089,MSAP,0,0,0,1
2008,0.1089,MSAP,0,1,0,3
2008,0.1089,MSAP,0,0,0,4
2008,0.1089,MSAP,0,0,0,1
2008,0.1089,MSAP,0,0,0,0
2008,0.1089,MSAP,0,0,0,2
2008,0.1089,MSAP,0,0,0,1
2008,0.1089,MSAP,0,0,0,1
2008,0.1089,MSAP,0,0,0,3
2008,0.1089,MSAP,0,0,0,1
2008,0.1089,MSAP,0,0,0,2
2008,0.1089,MWC,0,0,0,0
2008,0.1089,MWC,0,0,0,1
2008,0.1089,MWC,1,0,0,1
2008,0.1089,MWC,0,0,0,2
2008,0.1089,MWC,1,0,0,1
2008,0.1089,MWC,0,0,0,1
2008,0.1089,MWC,0,0,0,1
2008,0.1089,MWC,0,0,0,2
2008,0.1089,MWC,0,0,0,0
2008,0.1089,MWC,0,0,0,0
2008,0.1089,MWC,1,0,0,1
2008,0.1089,MWC,0,0,0,1
2008,0.1089,MWC,0,0,0,0
2008,0.1089,MWC,0,0,0,1
2008,0.1089,MWC,1,0,0,1
2008,0.1089,MWC,0,0,1,1
2008,0.1089,MWC,0,0,0,0
2008,0.1089,MWC,0,0,0,0
2008,0.1089,MWC,1,0,0,1
2008,0.1089,MWC,0,0,0,1
2008,0.1089,MWC,1,0,0,1
2008,0.1089,MWC,0,0,0,1
2008,0.1089,MWC,0,0,0,4
2008,0.1089,MWC,0,0,0,1
2008,0.1089,MWC,0,0,0,0
2008,0.1089,MWC,1,0,0,1
2008,0.1089,MWC,0,0,0,1
2008,0.1089,MWC,0,0,0,1
2008,0.1089,MWC,0,1,0,1
2008,0.1089,MWC,1,0,0,1
2008,0.1089,MWC,0,0,0,0
2008,0.1089,MWC,1,0,0,1
2008,0.1089,MWC,0,0,0,0
2008,0.1089,MWC,0,0,0,1
2008,0.1089,MWC,0,0,0,0
2008,0.1089,MWC,0,0,0,0
2008,0.1089,MWC,1,0,0,1
2008,0.1089,MWG,1,1,0,2
2008,0.1089,MWG,0,1,0,2
2008,0.1089,MWG,0,1,0,2
2008,0.1089,MWG,0,0,0,0
2008,0.1089,MWG,0,0,2,4
2008,0.1089,MWG,0,0,0,0
2008,0.1089,MWG,0,0,0,2
2008,0.1089,MWG,1,0,0,1
2008,0.1089,MWG,0,0,0,3
2008,0.1089,MWG,0,0,0,0
2008,0.1089,MWG,0,0,0,0
2008,0.1089,MWG,0,0,0,0
2008,0.1089,MWG,0,0,0,0
2008,0.1089,MWG,0,0,0,0
2008,0.1089,MWG,0,0,0,0
2008,0.1089,MWG,0,0,1,1
2008,0.1089,MWG,0,0,0,0
2008,0.1089,MWG,1,0,0,1
2008,0.1089,MWG,0,0,0,0
2008,0.1089,MWG,0,0,0,0
2008,0.1089,MWG,0,0,0,0
2008,0.1089,MWG,0,0,0,0
2008,0.1089,MWG,0,0,0,0
2008,0.1089,MWG,0,0,0,1
2008,0.1089,MWG,0,0,0,1
2008,0.1089,MWG,0,1,0,2
2008,0.1089,MWG,0,0,0,1
2008,0.1089,MWG,0,1,0,3
2008,0.1089,MWG,0,1,2,3
2008,0.1089,MWG,0,0,0,0
2008,0.1089,MWG,0,0,0,1
2008,0.1089,MWG,1,2,0,3
2008,0.1089,MWG,0,0,0,1
2008,0.1089,MWG,0,0,0,0
2008,0.1089,MWG,0,0,0,1
2008,0.1089,MWG,0,0,0,1
2008,0.1089,MWG,0,0,0,1
2008,0.1089,MWG,0,0,0,2
2008,0.1089,MWG,0,0,0,0
2008,0.1089,MWG,0,0,0,0
2008,0.1089,MWG,0,0,0,0
2008,0.1089,MWG,0,0,0,2
2008,0.1089,MWG,0,0,0,4
2008,0.1089,MWG,0,1,0,1
2008,0.1089,MWG,0,1,0,1
2008,0.1089,MWG,0,1,0,1
2008,0.1089,MWG,0,0,0,0
2008,0.1089,MWG,0,0,0,2
2008,0.1089,MWG,0,0,2,3
2008,0.1089,MWG,1,0,0,1
2008,0.1089,MWG,0,1,0,2
2008,0.1089,MWG,0,0,0,0
2008,0.1089,MWG,0,0,0,0
2008,0.1089,MWG,0,1,0,1
2008,0.1089,MWG,0,2,0,3
2008,0.1089,MWG,0,0,0,0
2008,0.1089,MWG,0,0,0,0
2008,0.1089,MWG,0,0,0,1
2008,0.1089,MWP,0,0,0,0
2008,0.1089,MWP,0,0,0,0
2008,0.1089,MWP,0,0,0,0
2008,0.1089,MWP,0,0,0,0
2008,0.1089,MWP,0,0,0,0
2008,0.1089,MWP,0,0,0,0
2008,0.1089,MWP,0,0,1,1
2008,0.1089,MWP,0,0,1,1
2008,0.1089,MWP,0,0,1,1
2008,0.1089,MWP,0,0,1,1
2008,0.1089,MWP,1,0,0,2
2008,0.1089,MWP,0,0,0,0
2008,0.1089,MWP,0,0,2,5
2008,0.1089,MWP,0,0,1,2
2008,0.1089,MWP,2,0,0,2
2008,0.1089,MWP,0,0,0,1
2008,0.1089,MWP,0,0,0,2
2008,0.1089,MWP,0,0,0,0
2008,0.1089,MWP,0,0,0,0
2008,0.1089,MWP,0,0,0,0
2008,0.1089,MWP,0,0,1,1
2008,0.1089,MWP,0,0,0,0
2008,0.1089,MWP,0,0,0,0
2008,0.1089,MWP,0,0,0,0
2008,0.1089,MWP,0,0,1,1
2008,0.1089,MWP,2,0,0,2
2008,0.1089,MWP,0,0,0,0
2008,0.1089,MWP,0,0,2,2
2008,0.1089,MWP,0,0,0,1
2008,0.1089,MWP,0,0,0,1
2008,0.1089,MWP,0,0,0,1
2008,0.1089,MWP,0,0,0,0
2008,0.1089,MWP,1,0,0,2
2008,0.1089,MWP,0,1,1,2
2008,0.1089,MWP,0,0,0,1
2008,0.1089,MWP,0,0,0,0
2008,0.1089,MWP,1,0,0,1
2008,0.1089,MWP,0,0,0,2
2008,0.1089,MWP,0,0,1,1
2008,0.1089,MWP,0,0,1,1
2008,0.1089,MWP,1,0,0,1
2008,0.1089,MWP,0,0,2,4
2008,0.1089,PNEC,0,0,1,1
2008,0.1089,PNEC,0,0,0,1
2008,0.1089,PNEC,0,0,0,0
2008,0.1089,PNEC,0,0,0,0
2008,0.1089,PNEC,0,0,0,1
2008,0.1089,PNEC,0,0,0,0
2008,0.1089,PNEC,0,0,0,0
2008,0.1089,PNEC,0,0,0,1
2008,0.1089,PNEC,0,0,0,4
2008,0.1089,PNEC,0,0,0,1
2008,0.1089,PNEC,0,0,0,0
2008,0.1089,PNEC,0,0,0,1
2008,0.1089,PNEC,0,0,0,0
2008,0.1089,PNEC,0,0,0,1
2008,0.1089,PNEC,0,0,0,0
2008,0.1089,PNEC,0,0,0,1
2008,0.1089,PNEC,0,1,0,1
2008,0.1089,PNEC,0,0,0,1
2008,0.1089,PNEC,0,0,0,1
2008,0.1089,PNEC,0,0,0,0
2008,0.1089,PNEC,0,0,0,1
2008,0.1089,PNEC,0,0,0,0
2008,0.1089,PNEC,0,0,0,0
2008,0.1089,PNEC,0,0,0,0
2008,0.1089,PNEC,0,0,0,0
2008,0.1089,PNEC,0,0,0,0
2008,0.1089,PNEG,0,0,1,2
2008,0.1089,PNEG,1,0,0,1
2008,0.1089,PNEG,0,0,0,1
2008,0.1089,PNEG,0,0,1,1
2008,0.1089,PNEG,0,0,0,0
2008,0.1089,PNEG,1,0,0,1
2008,0.1089,PNEG,0,0,0,0
2008,0.1089,PNEG,0,0,0,2
2008,0.1089,PNEG,0,0,0,1
2008,0.1089,PNEG,0,0,0,0
2008,0.1089,PNEG,1,0,0,1
2008,0.1089,PNEG,3,0,2,9
2008,0.1089,PNEG,0,0,0,0
2008,0.1089,PNEG,1,1,0,2
2008,0.1089,PNEG,0,0,0,0
2008,0.1089,PNEG,0,1,0,1
2008,0.1089,PNEG,0,0,1,3
2008,0.1089,PNEG,0,0,0,0
2008,0.1089,PNEG,0,0,0,1
2008,0.1089,PNEG,0,0,0,4
2008,0.1089,PNEG,1,0,0,1
2008,0.1089,PNEG,0,0,0,0
2008,0.1089,PNEG,0,0,0,1
2008,0.1089,PNEG,1,0,0,1
2008,0.1089,PNEG,0,1,1,3
2008,0.1089,PNEG,0,2,4,8
2008,0.1089,PNEG,1,0,0,2
2008,0.1089,PNEG,0,0,5,5
2008,0.1089,PNEG,0,0,0,5
2008,0.1089,PNEG,0,1,0,1
2008,0.1089,PNEG,0,0,0,0
2008,0.1089,PNEG,0,1,0,1
2008,0.1089,PNEG,0,0,0,3
2008,0.1089,PNEG,0,0,3,3
2008,0.1089,PNEG,0,0,0,1
2008,0.1089,PNEG,0,1,3,4
2008,0.1089,PNEG,0,0,0,2
2008,0.1089,PNEG,0,0,1,1
2008,0.1089,PNEG,0,0,0,1
2008,0.1089,PNEG,0,0,3,4
2008,0.1089,PNEG,1,0,0,1
2008,0.1089,PNEG,0,0,0,0
2008,0.1089,PNEG,0,0,0,1
2008,0.1089,PNEP,0,0,2,2
2008,0.1089,PNEP,0,0,5,5
2008,0.1089,PNEP,0,0,0,0
2008,0.1089,PNEP,0,0,3,4
2008,0.1089,PNEP,0,0,1,2
2008,0.1089,PNEP,0,0,0,1
2008,0.1089,PNEP,1,0,0,1
2008,0.1089,PNEP,0,0,0,0
2008,0.1089,PNEP,0,0,0,0
2008,0.1089,PNEP,1,0,0,1
2008,0.1089,PNEP,0,0,1,1
2008,0.1089,PNEP,0,0,0,0
2008,0.1089,PNEP,0,0,0,1
2008,0.1089,PNEP,1,0,0,1
2008,0.1089,PNEP,0,0,0,0
2008,0.1089,PNEP,0,0,1,1
2008,0.1089,PNEP,0,0,1,2
2008,0.1089,PNEP,0,0,0,1
2008,0.1089,PNEP,1,0,0,1
2008,0.1089,PNEP,0,0,1,2
2008,0.1089,PNEP,0,0,1,1
2008,0.1089,PNEP,1,0,0,1
2008,0.1089,PNEP,1,0,0,1
2008,0.1089,PNEP,0,1,0,1
2008,0.1089,PNEP,0,0,0,0
2008,0.1089,PNEP,0,0,1,1
2008,0.1089,PNEP,0,0,0,0
2008,0.1089,PNEP,0,0,1,1
2008,0.1089,PNEP,0,0,1,1
2008,0.1089,PNEP,0,0,0,0
2008,0.1089,PNEP,0,1,0,1
2008,0.1089,PNEP,0,0,1,1
2008,0.1089,PSWC,0,0,0,0
2008,0.1089,PSWC,0,0,0,0
2008,0.1089,PSWC,0,0,0,0
2008,0.1089,PSWC,0,0,0,0
2008,0.1089,PSWC,0,0,0,0
2008,0.1089,PSWC,0,0,0,0
2008,0.1089,PSWC,0,0,0,0
2008,0.1089,PSWC,0,0,0,0
2008,0.1089,PSWC,0,0,0,0
2008,0.1089,PSWC,0,0,0,0
2008,0.1089,PSWC,0,0,0,1
2008,0.1089,PSWC,0,0,0,1
2008,0.1089,PSWG,0,0,0,1
2008,0.1089,PSWG,0,0,0,3
2008,0.1089,PSWG,1,2,2,6
2008,0.1089,PSWG,0,0,0,2
2008,0.1089,PSWG,0,3,0,3
2008,0.1089,PSWG,0,0,0,1
2008,0.1089,PSWG,0,0,0,0
2008,0.1089,PSWG,0,0,0,1
2008,0.1089,PSWG,0,0,1,1
2008,0.1089,PSWG,0,0,0,0
2008,0.1089,PSWG,0,0,0,0
2008,0.1089,PSWG,0,0,0,0
2008,0.1089,PSWG,1,0,0,1
2008,0.1089,PSWG,0,1,0,1
2008,0.1089,PSWG,0,0,0,1
2008,0.1089,PSWG,1,0,0,1
2008,0.1089,PSWG,0,0,0,0
2008,0.1089,PSWG,0,1,0,2
2008,0.1089,PSWG,0,0,1,2
2008,0.1089,PSWG,0,0,0,1
2008,0.1089,PSWG,0,0,1,1
2008,0.1089,PSWG,1,1,0,2
2008,0.1089,PSWG,0,0,0,0
2008,0.1089,PSWG,0,0,1,2
2008,0.1089,PSWG,0,0,1,1
2008,0.1089,PSWG,0,0,0,1
2008,0.1089,PSWG,0,0,1,2
2008,0.1089,PSWG,0,0,3,4
2008,0.1089,PSWG,0,0,0,2
2008,0.1089,PSWG,0,1,2,3
2008,0.1089,PSWG,0,0,0,1
2008,0.1089,PSWG,0,0,1,2
2008,0.1089,PSWG,0,0,0,0
2008,0.1089,PSWG,1,0,0,2
2008,0.1089,PSWG,0,0,0,0
2008,0.1089,PSWG,1,0,1,2
2008,0.1089,PSWG,1,0,1,2
2008,0.1089,PSWG,0,0,1,2
2008,0.1089,PSWG,0,2,1,4
2008,0.1089,PSWP,0,0,0,1
2008,0.1089,PSWP,0,0,0,0
2008,0.1089,PSWP,0,0,0,0
2008,0.1089,PSWP,0,0,0,0
2008,0.1089,PSWP,0,0,0,0
2008,0.1089,PSWP,0,0,0,0
2008,0.1089,PSWP,0,0,0,0
2008,0.1089,PSWP,0,0,0,0
2008,0.1089,PSWP,0,0,0,0
2008,0.1089,PSWP,0,0,0,1
2008,0.1089,PSWP,0,0,0,0
2008,0.1089,PSWP,0,0,0,0
2008,0.1089,PSWP,0,0,0,1
2008,0.1089,PSWP,0,0,0,1
2008,0.1089,PSWP,0,0,0,1
2008,0.1089,PSWP,0,0,0,4
2008,0.1089,PSWP,0,0,0,0
2008,0.1089,PSWP,0,0,0,2
2008,0.1089,PSWP,0,0,0,2
2008,0.1089,PSWP,0,0,0,0
2008,0.1089,PSWP,0,0,0,0
2008,0.1089,PSWP,0,0,0,4
2008,0.1089,PSWP,0,0,0,3
2008,0.1089,PSWP,0,0,0,0
2008,0.1089,PSWP,0,0,0,1
2008,0.1089,PSWP,0,0,0,1
2008,0.1089,PSWP,0,0,0,1
2008,0.1089,PSWP,0,0,0,1
2008,0.1089,PSWP,0,0,0,2
2008,0.1089,PSWP,0,0,1,2
2008,0.1089,PSWP,0,0,0,1
2011,0.1089,MEC,0,0,0,0
2011,0.1089,MEC,0,0,0,0
2011,0.1089,MEC,0,0,0,0
2011,0.1089,MEC,0,0,0,0
2011,0.1089,MEC,0,0,0,0
2011,0.1089,MEC,0,0,0,0
2011,0.1089,MEC,0,0,0,0
2011,0.1089,MEC,0,0,0,0
2011,0.1089,MEC,0,0,1,1
2011,0.1089,MEC,0,0,0,0
2011,0.1089,MEC,0,0,0,0
2011,0.1089,MEC,0,0,0,0
2011,0.1089,MEC,0,0,0,0
2011,0.1089,MEC,0,0,0,0
2011,0.1089,MEC,0,0,0,2
2011,0.1089,MEC,0,0,0,0
2011,0.1089,MEC,0,0,0,0
2011,0.1089,MEC,1,0,0,1
2011,0.1089,MEC,0,0,0,1
2011,0.1089,MEC,1,0,0,1
2011,0.1089,MEC,0,0,0,0
2011,0.1089,MEC,0,0,1,1
2011,0.1089,MEC,0,0,1,1
2011,0.1089,MEC,0,0,0,1
2011,0.1089,MEC,0,0,0,0
2011,0.1089,MEC,0,0,0,0
2011,0.1089,MEC,0,0,0,0
2011,0.1089,MEC,0,0,0,0
2011,0.1089,MEC,0,0,0,0
2011,0.1089,MEC,0,0,0,0
2011,0.1089,MEC,0,0,0,0
2011,0.1089,MEC,0,0,0,0
2011,0.1089,MEC,0,0,0,0
2011,0.1089,MEC,0,0,0,0
2011,0.1089,MEC,0,0,0,0
2011,0.1089,MEC,0,0,0,0
2011,0.1089,MEC,0,0,0,0
2011,0.1089,MEC,0,0,0,0
2011,0.1089,MEC,0,0,0,0
2011,0.1089,MEC,0,0,1,1
2011,0.1089,MEC,0,0,0,0
2011,0.1089,MEC,0,0,0,1
2011,0.1089,MEC,0,0,0,1
2011,0.1089,MEC,0,0,0,1
2011,0.1089,MEC,0,0,0,0
2011,0.1089,MEC,0,0,0,0
2011,0.1089,MEC,0,0,0,0
2011,0.1089,MEC,0,0,0,6
2011,0.1089,MEC,0,0,0,1
2011,0.1089,MEC,0,0,0,0
2011,0.1089,MEC,0,0,0,0
2011,0.1089,MEC,0,0,0,1
2011,0.1089,MEC,0,0,0,0
2011,0.1089,MEC,1,0,0,1
2011,0.1089,MEC,0,0,0,1
2011,0.1089,MEC,2,0,0,3
2011,0.1089,MEG,0,0,0,1
2011,0.1089,MEG,0,0,0,0
2011,0.1089,MEG,0,0,0,0
2011,0.1089,MEG,0,0,0,0
2011,0.1089,MEG,0,0,0,0
2011,0.1089,MEG,0,0,0,3
2011,0.1089,MEG,0,0,0,2
2011,0.1089,MEG,0,0,0,1
2011,0.1089,MEG,0,0,0,1
2011,0.1089,MEG,0,0,1,1
2011,0.1089,MEG,0,0,0,0
2011,0.1089,MEG,0,0,2,2
2011,0.1089,MEG,0,0,2,3
2011,0.1089,MEG,0,0,1,2
2011,0.1089,MEG,0,0,0,1
2011,0.1089,MEG,0,0,0,1
2011,0.1089,MEG,0,0,0,0
2011,0.1089,MEG,0,0,0,0
2011,0.1089,MEG,0,0,0,0
2011,0.1089,MEG,0,0,0,0
2011,0.1089,MEG,0,0,0,0
2011,0.1089,MEG,0,0,0,1
2011,0.1089,MEG,0,0,0,0
2011,0.1089,MEG,0,0,0,0
2011,0.1089,MEG,0,0,0,0
2011,0.1089,MEG,0,0,0,0
2011,0.1089,MEG,0,0,0,0
2011,0.1089,MEG,0,0,0,1
2011,0.1089,MEG,0,0,0,0
2011,0.1089,MEG,0,0,0,0
2011,0.1089,MEG,0,0,0,0
2011,0.1089,MEG,0,0,0,0
2011,0.1089,MEG,0,1,0,1
2011,0.1089,MEG,0,0,0,0
2011,0.1089,MEG,0,0,0,0
2011,0.1089,MEG,0,1,0,2
2011,0.1089,MEG,0,0,1,2
2011,0.1089,MEG,0,0,0,3
2011,0.1089,MEG,0,0,0,0
2011,0.1089,MEG,0,0,1,1
2011,0.1089,MEG,0,0,0,1
2011,0.1089,MEG,0,0,0,0
2011,0.1089,MEG,0,0,0,0
2011,0.1089,MEG,0,0,0,0
2011,0.1089,MEG,0,0,0,0
2011,0.1089,MEG,0,0,0,0
2011,0.1089,MEG,0,0,0,0
2011,0.1089,MEG,0,0,0,0
2011,0.1089,MEG,0,0,0,0
2011,0.1089,MEG,0,0,1,1
2011,0.1089,MEG,0,0,0,0
2011,0.1089,MEG,0,0,0,0
2011,0.1089,MEG,0,0,0,0
2011,0.1089,MEG,0,0,0,0
2011,0.1089,MEG,0,1,0,1
2011,0.1089,MEG,0,0,0,0
2011,0.1089,MEP,1,1,1,4
2011,0.1089,MEP,1,1,0,2
2011,0.1089,MEP,0,0,0,0
2011,0.1089,MEP,0,0,0,1
2011,0.1089,MEP,0,0,0,0
2011,0.1089,MEP,0,0,0,1
2011,0.1089,MEP,0,0,1,1
2011,0.1089,MEP,0,0,0,0
2011,0.1089,MEP,0,0,1,1
2011,0.1089,MEP,0,2,0,2
2011,0.1089,MEP,0,0,0,0
2011,0.1089,MEP,0,0,0,1
2011,0.1089,MEP,1,1,0,3
2011,0.1089,MEP,0,0,1,1
2011,0.1089,MEP,0,0,2,2
2011,0.1089,MEP,0,0,0,1
2011,0.1089,MEP,0,0,0,0
2011,0.1089,MEP,0,0,0,2
2011,0.1089,MEP,1,0,0,1
2011,0.1089,MEP,0,0,2,3
2011,0.1089,MEP,1,0,0,1
2011,0.1089,MEP,2,0,0,4
2011,0.1089,MEP,1,0,3,4
2011,0.1089,MEP,0,1,1,6
2011,0.1089,MEP,2,1,0,3
2011,0.1089,MEP,0,0,0,1
2011,0.1089,MEP,0,0,0,0
2011,0.1089,MEP,1,1,0,2
2011,0.1089,MEP,0,0,1,2
2011,0.1089,MEP,0,0,1,1
2011,0.1089,MEP,1,1,0,3
2011,0.1089,MEP,1,0,0,1
2011,0.1089,MEP,0,0,2,2
2011,0.1089,MEP,1,0,0,1
2011,0.1089,MEP,1,0,0,1
2011,0.1089,MEP,0,0,1,1
2011,0.1089,MEP,0,1,0,2
2011,0.1089,MEP,1,0,0,3
2011,0.1089,MEP,2,0,0,3
2011,0.1089,MEP,2,1,0,4
2011,0.1089,MEP,2,1,0,4
2011,0.1089,MEP,1,0,0,2
2011,0.1089,MEP,1,2,0,4
2011,0.1089,MEP,0,0,0,0
2011,0.1089,MEP,0,0,2,2
2011,0.1089,MEP,0,0,0,1
2011,0.1089,MEP,1,0,0,2
2011,0.1089,MEP,0,0,0,0
2011,0.1089,MEP,1,0,0,1
2011,0.1089,MEP,0,0,0,0
2011,0.1089,MEP,0,0,0,0
2011,0.1089,MEP,0,0,2,2
2011,0.1089,MEP,0,0,0,0
2011,0.1089,MEP,0,0,0,2
2011,0.1089,MEP,0,0,0,2
2011,0.1089,MEP,0,0,0,0
2011,0.1089,MEP,0,0,0,0
2011,0.1089,PNEC,0,0,0,0
2011,0.1089,PNEC,0,0,0,0
2011,0.1089,PNEC,0,0,0,2
2011,0.1089,PNEC,0,0,0,0
2011,0.1089,PNEC,0,0,0,0
2011,0.1089,PNEC,0,0,0,0
2011,0.1089,PNEC,0,0,0,0
2011,0.1089,PNEC,0,0,0,0
2011,0.1089,PNEC,0,0,0,0
2011,0.1089,PNEC,0,0,0,1
2011,0.1089,PNEC,0,0,0,1
2011,0.1089,PNEC,0,0,0,0
2011,0.1089,PNEC,0,0,0,0
2011,0.1089,PNEC,0,0,0,0
2011,0.1089,PNEC,0,0,3,3
2011,0.1089,PNEC,0,0,0,0
2011,0.1089,PNEC,0,0,0,0
2011,0.1089,PNEC,0,0,0,0
2011,0.1089,PNEC,0,0,0,0
2011,0.1089,PNEC,0,0,0,0
2011,0.1089,PNEC,0,0,0,0
2011,0.1089,PNEC,0,0,0,0
2011,0.1089,PNEC,0,0,0,0
2011,0.1089,PNEC,0,0,0,0
2011,0.1089,PNEC,0,0,0,0
2011,0.1089,PNEC,0,0,0,1
2011,0.1089,PNEC,0,0,0,0
2011,0.1089,PNEC,0,0,0,0
2011,0.1089,PNEC,0,0,0,0
2011,0.1089,PNEC,0,0,0,0
2011,0.1089,PNEC,0,0,0,0
2011,0.1089,PNEC,0,0,0,0
2011,0.1089,PNEC,0,0,0,0
2011,0.1089,PNEC,0,0,0,0
2011,0.1089,PNEC,0,0,0,0
2011,0.1089,PNEC,0,0,0,0
2011,0.1089,PNEC,0,0,0,0
2011,0.1089,PNEC,0,0,0,0
2011,0.1089,PNEC,0,0,0,0
2011,0.1089,PNEC,0,0,1,2
2011,0.1089,PNEC,0,0,0,0
2011,0.1089,PNEC,0,0,0,0
2011,0.1089,PNEC,0,0,0,0
2011,0.1089,PNEC,0,0,0,0
2011,0.1089,PNEC,0,0,0,0
2011,0.1089,PNEC,0,0,0,0
2011,0.1089,PNEC,0,0,0,0
2011,0.1089,PNEC,0,0,0,0
2011,0.1089,PNEC,0,0,0,0
2011,0.1089,PNEC,0,0,0,0
2011,0.1089,PNEC,0,0,0,0
2011,0.1089,PNEC,0,0,0,0
2011,0.1089,PNEC,0,0,0,0
2011,0.1089,PNEC,0,0,0,0
2011,0.1089,PNEC,0,0,0,0
2011,0.1089,PNEC,0,0,1,1
2011,0.1089,PNEC,0,0,0,0
2011,0.1089,PNEC,0,0,0,0
2011,0.1089,PNEC,0,0,0,0
2011,0.1089,PNEC,0,0,0,0
2011,0.1089,PNEC,0,0,0,0
2011,0.1089,PNEC,0,0,2,2
2011,0.1089,PNEC,0,0,0,0
2011,0.1089,PNEC,0,0,0,0
2011,0.1089,PNEG,0,0,0,0
2011,0.1089,PNEG,0,0,0,1
2011,0.1089,PNEG,1,0,0,2
2011,0.1089,PNEG,0,1,0,2
2011,0.1089,PNEG,0,0,0,0
2011,0.1089,PNEG,0,0,0,0
2011,0.1089,PNEG,0,0,0,0
2011,0.1089,PNEG,0,0,0,1
2011,0.1089,PNEG,0,1,0,1
2011,0.1089,PNEG,0,1,3,5
2011,0.1089,PNEG,1,0,0,4
2011,0.1089,PNEG,0,0,0,1
2011,0.1089,PNEG,1,1,0,2
2011,0.1089,PNEG,0,0,0,0
2011,0.1089,PNEG,1,1,1,3
2011,0.1089,PNEG,1,0,2,4
2011,0.1089,PNEG,0,0,0,0
2011,0.1089,PNEG,0,0,0,0
2011,0.1089,PNEG,0,1,1,3
2011,0.1089,PNEG,0,0,0,0
2011,0.1089,PNEG,0,1,0,2
2011,0.1089,PNEG,0,0,0,3
2011,0.1089,PNEG,0,3,1,5
2011,0.1089,PNEG,0,0,0,0
2011,0.1089,PNEG,0,0,0,0
2011,0.1089,PNEG,1,0,2,4
2011,0.1089,PNEG,0,0,0,0
2011,0.1089,PNEG,0,0,0,0
2011,0.1089,PNEG,0,0,3,8
2011,0.1089,PNEG,0,0,0,0
2011,0.1089,PNEG,0,0,3,3
2011,0.1089,PNEG,0,0,0,0
2011,0.1089,PNEG,0,1,1,4
2011,0.1089,PNEG,1,0,0,1
2011,0.1089,PNEG,0,1,1,3
2011,0.1089,PNEG,0,0,0,0
2011,0.1089,PNEG,0,0,1,2
2011,0.1089,PNEG,1,0,3,4
2011,0.1089,PNEG,2,1,1,5
2011,0.1089,PNEG,0,0,0,0
2011,0.1089,PNEG,0,0,0,0
2011,0.1089,PNEG,0,0,4,5
2011,0.1089,PNEG,1,0,0,2
2011,0.1089,PNEG,0,0,0,0
2011,0.1089,PNEG,0,1,0,3
2011,0.1089,PNEP,0,0,0,0
2011,0.1089,PNEP,0,0,0,0
2011,0.1089,PNEP,0,0,0,0
2011,0.1089,PNEP,0,0,0,0
2011,0.1089,PNEP,0,0,0,0
2011,0.1089,PNEP,0,0,0,0
2011,0.1089,PNEP,1,0,0,1
2011,0.1089,PNEP,0,0,0,0
2011,0.1089,PNEP,0,0,0,0
2011,0.1089,PNEP,1,0,0,1
2011,0.1089,PNEP,0,0,0,0
2011,0.1089,PNEP,0,0,2,2
2011,0.1089,PNEP,0,0,0,0
2011,0.1089,PNEP,0,0,0,2
2011,0.1089,PNEP,1,0,0,1
2011,0.1089,PNEP,1,0,0,1
2011,0.1089,PNEP,0,0,1,1
2011,0.1089,PNEP,0,0,0,0
2011,0.1089,PNEP,0,0,0,0
2011,0.1089,PNEP,0,0,0,0
2011,0.1089,PNEP,1,0,0,1
2011,0.1089,PNEP,0,0,0,0
2011,0.1089,PNEP,0,0,0,0
2011,0.1089,PNEP,0,0,0,0
2011,0.1089,PNEP,1,0,0,1
2011,0.1089,PNEP,1,0,0,1
2011,0.1089,PNEP,0,0,1,1
2011,0.1089,PNEP,0,0,0,0
2011,0.1089,PNEP,0,0,0,0
2011,0.1089,PNEP,0,0,0,0
2011,0.1089,PNEP,0,0,0,0
2011,0.1089,PNEP,0,0,0,0
2011,0.1089,PNEP,0,0,0,0
2011,0.1089,PNEP,0,0,0,0
2011,0.1089,PNEP,0,0,0,1
2011,0.1089,PNEP,0,0,0,1
2011,0.1089,PNEP,0,0,0,0
2011,0.1089,PNEP,0,0,0,3
2011,0.1089,PNEP,0,0,0,0
2011,0.1089,PNEP,0,0,0,0
2011,0.1089,PNEP,0,0,0,0
2011,0.1089,PNEP,0,0,0,0
2011,0.1089,PNEP,0,0,0,0
2011,0.1089,PNEP,0,0,0,0
2011,0.1089,PNEP,0,0,0,0
2011,0.1089,PNEP,0,0,0,0
2011,0.1089,PNEP,0,0,0,0
2011,0.1089,PNEP,1,0,0,1
2011,0.1089,PNEP,0,0,0,0
2011,0.1089,PNEP,0,0,0,0
2011,0.1089,PNEP,0,0,0,0
2011,0.1089,PNEP,0,0,0,0
2011,0.1089,PNEP,0,1,0,1
2011,0.1089,PNEP,1,0,0,2
2011,0.1089,PNEP,0,0,0,0
2011,0.1089,PNEP,1,0,0,3
2011,0.1089,PNEP,0,0,0,0
2011,0.1089,PNEP,1,0,0,1
2011,0.1089,PNEP,0,0,0,0
2011,0.1089,PNEP,1,0,0,2
2011,0.1089,PNEP,1,0,0,1
2011,0.1089,PNEP,0,0,0,0
2011,0.1089,PNEP,0,0,0,0
2011,0.1089,PNEP,0,0,0,0
2011,0.1089,PNEP,0,0,0,0
2011,0.1089,MNWC,0,0,0,0
2011,0.1089,MNWC,0,0,0,0
2011,0.1089,MNWC,0,0,0,1
2011,0.1089,MNWC,0,0,1,3
2011,0.1089,MNWC,0,3,0,4
2011,0.1089,MNWC,0,0,1,2
2011,0.1089,MNWC,0,0,0,0
2011,0.1089,MNWC,0,0,1,1
2011,0.1089,MNWC,0,0,1,1
2011,0.1089,MNWC,0,0,0,0
2011,0.1089,MNWC,0,0,0,0
2011,0.1089,MNWC,1,0,0,2
2011,0.1089,MNWC,0,0,0,0
2011,0.1089,MNWC,0,0,0,1
2011,0.1089,MNWC,0,0,0,1
2011,0.1089,MNWC,0,0,0,0
2011,0.1089,MNWC,0,0,0,1
2011,0.1089,MNWC,0,1,0,1
2011,0.1089,MNWC,0,0,0,1
2011,0.1089,MNWC,0,0,0,6
2011,0.1089,MNWC,0,0,0,4
2011,0.1089,MNWC,0,0,1,17
2011,0.1089,MNWC,0,0,0,0
2011,0.1089,MNWC,0,0,0,1
2011,0.1089,MNWC,0,0,0,0
2011,0.1089,MNWC,0,0,0,0
2011,0.1089,MNWC,1,0,1,5
2011,0.1089,MNWC,0,0,1,3
2011,0.1089,MNWC,0,0,0,1
2011,0.1089,MNWC,0,0,0,0
2011,0.1089,MNWC,0,0,0,0
2011,0.1089,MNWC,0,0,0,0
2011,0.1089,MNWC,0,0,0,0
2011,0.1089,MNWC,0,0,0,0
2011,0.1089,MNWC,0,0,2,2
2011,0.1089,MNWC,0,0,0,0
2011,0.1089,MNWC,0,0,0,0
2011,0.1089,MNWC,0,1,0,1
2011,0.1089,MNWC,0,0,0,0
2011,0.1089,MNWC,0,0,0,0
2011,0.1089,MNWC,0,0,0,0
2011,0.1089,MNWC,0,0,0,2
2011,0.1089,MNWC,0,0,0,0
2011,0.1089,MNWC,0,0,0,0
2011,0.1089,MNWC,0,0,1,3
2011,0.1089,MNWC,0,0,0,1
2011,0.1089,MNWC,0,0,0,1
2011,0.1089,MNWC,0,0,0,0
2011,0.1089,MNWC,0,0,0,0
2011,0.1089,MNWC,0,0,0,1
2011,0.1089,MNWG,1,0,0,1
2011,0.1089,MNWG,0,2,0,2
2011,0.1089,MNWG,0,0,0,0
2011,0.1089,MNWG,1,1,0,2
2011,0.1089,MNWG,0,2,1,6
2011,0.1089,MNWG,2,0,0,4
2011,0.1089,MNWG,0,0,0,1
2011,0.1089,MNWG,0,0,0,0
2011,0.1089,MNWG,1,0,2,3
2011,0.1089,MNWG,1,1,1,3
2011,0.1089,MNWG,2,5,1,10
2011,0.1089,MNWG,0,2,3,6
2011,0.1089,MNWG,0,0,0,3
2011,0.1089,MNWG,0,1,5,8
2011,0.1089,MNWG,0,1,1,4
2011,0.1089,MNWG,3,2,0,10
2011,0.1089,MNWG,1,1,2,4
2011,0.1089,MNWG,3,1,0,5
2011,0.1089,MNWG,0,1,1,8
2011,0.1089,MNWG,0,1,1,4
2011,0.1089,MNWG,0,1,2,5
2011,0.1089,MNWG,0,0,0,1
2011,0.1089,MNWG,0,2,1,5
2011,0.1089,MNWG,0,3,0,7
2011,0.1089,MNWG,0,0,1,7
2011,0.1089,MNWG,0,0,3,4
2011,0.1089,MNWG,0,1,2,10
2011,0.1089,MNWG,2,0,1,3
2011,0.1089,MNWG,0,0,0,3
2011,0.1089,MNWG,1,0,0,3
2011,0.1089,MNWG,0,0,1,1
2011,0.1089,MNWG,2,3,1,8
2011,0.1089,MNWG,2,0,1,3
2011,0.1089,MNWG,0,0,1,1
2011,0.1089,MNWG,1,0,0,2
2011,0.1089,MNWG,0,0,2,2
2011,0.1089,MNWG,0,0,0,0
2011,0.1089,MNWG,3,0,0,6
2011,0.1089,MNWG,1,2,0,3
2011,0.1089,MNWG,1,1,5,7
2011,0.1089,MNWP,0,0,1,1
2011,0.1089,MNWP,0,0,0,1
2011,0.1089,MNWP,0,0,0,0
2011,0.1089,MNWP,0,0,0,0
2011,0.1089,MNWP,0,0,1,1
2011,0.1089,MNWP,0,0,0,0
2011,0.1089,MNWP,0,0,0,0
2011,0.1089,MNWP,0,0,1,1
2011,0.1089,MNWP,0,0,0,0
2011,0.1089,MNWP,0,0,0,0
2011,0.1089,MNWP,1,0,1,4
2011,0.1089,MNWP,0,0,1,4
2011,0.1089,MNWP,0,0,0,0
2011,0.1089,MNWP,0,0,0,1
2011,0.1089,MNWP,0,0,0,1
2011,0.1089,MNWP,0,0,0,1
2011,0.1089,MNWP,0,0,0,0
2011,0.1089,MNWP,1,0,3,5
2011,0.1089,MNWP,0,0,0,0
2011,0.1089,MNWP,0,0,1,1
2011,0.1089,MNWP,2,0,0,3
2011,0.1089,MNWP,0,0,0,1
2011,0.1089,MNWP,0,0,2,3
2011,0.1089,MNWP,0,0,0,1
2011,0.1089,MNWP,2,0,0,2
2011,0.1089,MNWP,0,0,1,2
2011,0.1089,MNWP,0,1,0,1
2011,0.1089,MNWP,0,0,1,1
2011,0.1089,MNWP,0,0,0,0
2011,0.1089,MNWP,0,0,0,0
2011,0.1089,MNWP,0,0,0,0
2011,0.1089,MNWP,0,0,2,2
2011,0.1089,MNWP,0,0,0,1
2011,0.1089,MNWP,0,0,0,1
2011,0.1089,MNWP,0,0,2,3
2011,0.1089,MNWP,0,0,0,0
2011,0.1089,MNWP,1,0,0,1
2011,0.1089,MNWP,0,0,0,1
2011,0.1089,MNWP,1,0,1,3
2011,0.1089,MNWP,1,0,0,2
2011,0.1089,MNWP,0,1,1,2
2011,0.1089,MNWP,0,0,2,7
2011,0.1089,MNWP,1,0,2,4
2011,0.1089,MNWP,0,0,0,0
2011,0.1089,MNWP,1,0,0,1
2011,0.1089,MNWP,0,0,0,1
2011,0.1089,MNWP,0,0,0,0
2011,0.1089,MNWP,0,0,0,0
2011,0.1089,MNWP,0,0,0,0
2011,0.1089,MNWP,0,0,1,1
2011,0.1089,MNWP,0,0,0,0
2011,0.1089,MNWP,0,0,0,0
2011,0.1089,MNWP,0,0,1,1
2011,0.1089,MNWP,0,0,0,0
2011,0.1089,MNWP,0,0,0,0
2011,0.1089,MNWP,0,0,0,0
2011,0.1089,MNWP,0,0,0,0
2011,0.1089,MNWP,0,1,0,1
2011,0.1089,MNWP,0,0,0,1
2011,0.1089,MNWP,1,0,0,1
2011,0.1089,MSAC,0,0,0,0
2011,0.1089,MSAC,0,0,1,1
2011,0.1089,MSAC,0,0,0,1
2011,0.1089,MSAC,0,0,0,2
2011,0.1089,MSAC,0,0,0,0
2011,0.1089,MSAC,0,0,0,1
2011,0.1089,MSAC,0,0,1,2
2011,0.1089,MSAC,0,0,0,0
2011,0.1089,MSAC,0,0,0,0
2011,0.1089,MSAC,1,0,0,3
2011,0.1089,MSAC,0,0,0,0
2011,0.1089,MSAC,0,0,0,2
2011,0.1089,MSAC,0,0,0,0
2011,0.1089,MSAC,0,0,0,3
2011,0.1089,MSAC,1,0,0,1
2011,0.1089,MSAC,0,0,0,1
2011,0.1089,MSAC,0,0,0,0
2011,0.1089,MSAC,0,0,0,0
2011,0.1089,MSAC,1,0,0,1
2011,0.1089,MSAC,0,0,0,0
2011,0.1089,MSAC,0,1,1,3
2011,0.1089,MSAC,0,0,0,0
2011,0.1089,MSAC,0,0,0,1
2011,0.1089,MSAC,0,0,0,0
2011,0.1089,MSAC,0,1,1,7
2011,0.1089,MSAC,0,0,0,0
2011,0.1089,MSAC,0,0,0,2
2011,0.1089,MSAC,0,0,0,0
2011,0.1089,MSAC,0,0,0,0
2011,0.1089,MSAC,0,0,2,2
2011,0.1089,MSAC,0,0,0,2
2011,0.1089,MSAC,0,0,0,0
2011,0.1089,MSAC,0,0,0,0
2011,0.1089,MSAC,0,0,0,1
2011,0.1089,MSAC,0,0,0,1
2011,0.1089,MSAC,0,0,0,9
2011,0.1089,MSAC,0,0,0,0
2011,0.1089,MSAC,0,0,0,0
2011,0.1089,MSAC,0,0,0,2
2011,0.1089,MSAC,0,0,0,0
2011,0.1089,MSAC,0,0,0,0
2011,0.1089,MSAC,0,0,0,1
2011,0.1089,MSAC,1,0,0,4
2011,0.1089,MSAC,1,0,1,2
2011,0.1089,MSAC,0,0,0,0
2011,0.1089,MSAC,0,0,0,1
2011,0.1089,MSAC,2,0,0,2
2011,0.1089,MSAC,2,0,0,3
2011,0.1089,MSAC,0,0,1,5
2011,0.1089,MSAC,0,0,0,1
2011,0.1089,MSAC,0,0,0,0
2011,0.1089,MSAC,0,0,0,9
2011,0.1089,MSAC,1,0,0,6
2011,0.1089,MSAC,0,0,0,8
2011,0.1089,MSAC,0,0,0,0
2011,0.1089,MSAC,0,0,0,2
2011,0.1089,MSAG,0,0,0,0
2011,0.1089,MSAG,1,0,0,1
2011,0.1089,MSAG,0,0,0,1
2011,0.1089,MSAG,0,0,0,1
2011,0.1089,MSAG,0,0,0,0
2011,0.1089,MSAG,0,0,0,0
2011,0.1089,MSAG,0,0,0,0
2011,0.1089,MSAG,0,0,3,3
2011,0.1089,MSAG,0,0,0,0
2011,0.1089,MSAG,1,0,0,1
2011,0.1089,MSAG,0,0,0,4
2011,0.1089,MSAG,0,0,0,4
2011,0.1089,MSAG,0,0,0,0
2011,0.1089,MSAG,0,0,0,0
2011,0.1089,MSAG,0,0,0,1
2011,0.1089,MSAG,0,0,0,0
2011,0.1089,MSAG,0,0,0,0
2011,0.1089,MSAG,0,2,0,2
2011,0.1089,MSAG,0,0,0,0
2011,0.1089,MSAG,0,0,0,0
2011,0.1089,MSAG,0,0,0,0
2011,0.1089,MSAG,0,0,0,0
2011,0.1089,MSAG,0,0,0,0
2011,0.1089,MSAG,0,0,0,0
2011,0.1089,MSAG,1,0,0,1
2011,0.1089,MSAG,1,0,0,1
2011,0.1089,MSAG,0,1,0,1
2011,0.1089,MSAG,0,0,0,0
2011,0.1089,MSAG,3,0,0,3
2011,0.1089,MSAG,0,2,0,2
2011,0.1089,MSAG,0,0,0,0
2011,0.1089,MSAG,1,0,1,2
2011,0.1089,MSAG,0,0,0,0
2011,0.1089,MSAG,0,0,0,3
2011,0.1089,MSAG,0,0,0,3
2011,0.1089,MSAG,0,0,0,0
2011,0.1089,MSAG,1,0,0,1
2011,0.1089,MSAG,0,0,0,1
2011,0.1089,MSAG,0,0,0,3
2011,0.1089,MSAG,0,1,0,1
2011,0.1089,MSAG,0,0,0,0
2011,0.1089,MSAG,0,0,0,1
2011,0.1089,MSAG,0,0,0,0
2011,0.1089,MSAG,0,0,0,0
2011,0.1089,MSAG,0,3,1,4
2011,0.1089,MSAG,0,0,0,0
2011,0.1089,MSAG,0,1,0,1
2011,0.1089,MSAG,1,0,0,2
2011,0.1089,MSAG,0,1,0,2
2011,0.1089,MSAG,0,0,0,0
2011,0.1089,MSAG,0,0,0,0
2011,0.1089,MSAG,0,0,0,0
2011,0.1089,MSAG,0,0,0,0
2011,0.1089,MSAG,0,0,0,0
2011,0.1089,MSAG,0,0,0,0
2011,0.1089,MSAG,1,0,0,1
2011,0.1089,MSAG,0,0,0,2
2011,0.1089,MSAG,0,0,0,0
2011,0.1089,MSAG,0,0,0,0
2011,0.1089,MSAP,0,0,0,1
2011,0.1089,MSAP,0,0,0,6
2011,0.1089,MSAP,0,0,1,4
2011,0.1089,MSAP,0,0,0,0
2011,0.1089,MSAP,0,0,0,0
2011,0.1089,MSAP,0,0,0,0
2011,0.1089,MSAP,0,0,0,0
2011,0.1089,MSAP,0,0,0,0
2011,0.1089,MSAP,0,0,0,4
2011,0.1089,MSAP,0,0,1,3
2011,0.1089,MSAP,0,0,0,0
2011,0.1089,MSAP,0,0,0,0
2011,0.1089,MSAP,0,0,0,2
2011,0.1089,MSAP,0,0,0,1
2011,0.1089,MSAP,0,0,0,0
2011,0.1089,MSAP,0,0,0,0
2011,0.1089,MSAP,1,0,0,1
2011,0.1089,MSAP,0,0,0,0
2011,0.1089,MSAP,0,0,0,0
2011,0.1089,MSAP,0,0,0,0
2011,0.1089,MSAP,0,0,0,2
2011,0.1089,MSAP,0,0,0,1
2011,0.1089,MSAP,0,0,2,10
2011,0.1089,MSAP,1,0,0,6
2011,0.1089,MSAP,0,0,1,1
2011,0.1089,MSAP,0,1,1,8
2011,0.1089,MSAP,0,0,1,1
2011,0.1089,MSAP,0,0,0,0
2011,0.1089,MSAP,0,0,0,0
2011,0.1089,MSAP,0,0,0,2
2011,0.1089,MSAP,0,0,1,7
2011,0.1089,MSAP,0,0,0,0
2011,0.1089,MSAP,0,0,1,2
2011,0.1089,MSAP,0,0,1,6
2011,0.1089,MSAP,0,0,0,0
2011,0.1089,MSAP,1,0,1,2
2011,0.1089,MSAP,0,0,0,2
2011,0.1089,MSAP,0,0,0,0
2011,0.1089,MSAP,0,0,0,1
2011,0.1089,MSAP,0,0,0,3
2011,0.1089,MSAP,0,0,0,0
2011,0.1089,MSAP,0,0,0,0
2011,0.1089,MSAP,1,0,0,1
2011,0.1089,MSAP,0,0,1,1
2011,0.1089,MSAP,0,0,0,2
2011,0.1089,MSAP,0,0,0,1
2011,0.1089,MSAP,0,1,0,5
2011,0.1089,MSAP,0,0,0,0
2011,0.1089,MSAP,0,0,0,2
2011,0.1089,MSAP,0,0,0,0
2011,0.1089,MSAP,0,0,0,0
2011,0.1089,MSAP,0,0,1,2
2011,0.1089,MSAP,0,0,0,1
2011,0.1089,MSAP,0,0,1,1
2011,0.1089,MSAP,0,0,0,0
2011,0.1089,MSAP,0,0,0,1
2011,0.1089,MSAP,0,0,0,0
2011,0.1089,MSAP,0,0,0,0
2011,0.1089,MSAP,0,0,1,3
2011,0.1089,MSAP,0,0,1,1
2011,0.1089,MSAP,0,0,0,5
2011,0.1089,MSAP,0,0,0,0
2011,0.1089,MSAP,0,2,1,3
2011,0.1089,MSAP,0,0,0,0
2011,0.1089,MSAP,0,0,1,3
2011,0.1089,MSAP,0,0,0,0
2011,0.1089,MSAP,0,0,0,0
2011,0.1089,MSAP,0,0,0,1
2011,0.1089,MSAP,0,0,0,1
2011,0.1089,MSAP,0,0,1,3
2011,0.1089,MSAP,0,0,1,3
2011,0.1089,MSAP,0,0,0,0
2011,0.1089,MSAP,0,0,0,0
2011,0.1089,MSAP,0,0,2,2
2011,0.1089,MSAP,0,0,0,0
2011,0.1089,MSAP,2,0,3,5
2011,0.1089,MSAP,0,0,0,0
2011,0.1089,MSAP,0,0,1,2
2011,0.1089,MSAP,0,1,0,2
2011,0.1089,MSAP,0,0,0,1
2011,0.1089,MSAP,0,0,0,5
2011,0.1089,MSAP,0,0,0,0
2011,0.1089,MSAP,0,0,0,3
2011,0.1089,MSAP,0,0,0,1
2011,0.1089,PSWC,0,0,0,0
2011,0.1089,PSWC,0,0,0,0
2011,0.1089,PSWC,0,0,0,0
2011,0.1089,PSWC,0,0,0,0
2011,0.1089,PSWC,0,0,0,0
2011,0.1089,PSWC,0,0,0,0
2011,0.1089,PSWC,0,0,0,0
2011,0.1089,PSWC,0,0,0,0
2011,0.1089,PSWC,0,0,0,0
2011,0.1089,PSWC,0,0,0,0
2011,0.1089,PSWC,0,0,0,0
2011,0.1089,PSWC,0,0,0,0
2011,0.1089,PSWC,0,0,0,0
2011,0.1089,PSWC,0,0,0,0
2011,0.1089,PSWC,0,0,0,0
2011,0.1089,PSWC,0,0,0,0
2011,0.1089,PSWC,0,0,0,0
2011,0.1089,PSWC,0,0,0,0
2011,0.1089,PSWC,0,0,0,0
2011,0.1089,PSWC,0,0,0,0
2011,0.1089,PSWC,0,0,0,0
2011,0.1089,PSWC,0,0,0,0
2011,0.1089,PSWC,0,0,0,0
2011,0.1089,PSWC,0,0,0,0
2011,0.1089,PSWC,0,0,0,0
2011,0.1089,PSWC,0,0,0,0
2011,0.1089,PSWC,0,0,0,0
2011,0.1089,PSWC,0,0,0,0
2011,0.1089,PSWC,0,0,0,0
2011,0.1089,PSWC,0,0,0,0
2011,0.1089,PSWC,0,0,0,0
2011,0.1089,PSWC,0,0,0,0
2011,0.1089,PSWC,0,0,0,0
2011,0.1089,PSWC,0,0,0,0
2011,0.1089,PSWC,0,0,0,0
2011,0.1089,PSWC,0,0,0,0
2011,0.1089,PSWC,0,0,0,0
2011,0.1089,PSWC,0,0,0,0
2011,0.1089,PSWC,0,0,0,0
2011,0.1089,PSWC,0,0,0,0
2011,0.1089,PSWC,0,0,0,0
2011,0.1089,PSWC,0,0,0,0
2011,0.1089,PSWC,0,0,0,1
2011,0.1089,PSWC,0,0,0,0
2011,0.1089,PSWC,0,0,0,0
2011,0.1089,PSWC,0,0,0,0
2011,0.1089,PSWC,0,0,0,0
2011,0.1089,PSWC,0,0,0,0
2011,0.1089,PSWC,0,0,0,0
2011,0.1089,PSWC,0,0,0,0
2011,0.1089,PSWC,0,0,0,0
2011,0.1089,PSWC,0,2,0,2
2011,0.1089,PSWC,0,0,0,1
2011,0.1089,PSWC,0,0,0,0
2011,0.1089,PSWC,0,0,0,0
2011,0.1089,PSWC,0,0,0,0
2011,0.1089,PSWC,0,0,0,0
2011,0.1089,PSWC,0,1,0,1
2011,0.1089,PSWC,0,0,0,0
2011,0.1089,PSWC,0,0,0,0
2011,0.1089,PSWC,0,0,0,0
2011,0.1089,PSWC,0,0,0,0
2011,0.1089,PSWC,0,0,0,0
2011,0.1089,PSWC,0,0,0,0
2011,0.1089,PSWC,0,0,0,0
2011,0.1089,PSWC,0,0,0,0
2011,0.1089,PSWG,0,0,0,1
2011,0.1089,PSWG,0,0,0,0
2011,0.1089,PSWG,0,1,0,1
2011,0.1089,PSWG,0,0,0,0
2011,0.1089,PSWG,0,0,0,1
2011,0.1089,PSWG,0,0,0,0
2011,0.1089,PSWG,3,0,0,3
2011,0.1089,PSWG,1,1,0,2
2011,0.1089,PSWG,0,0,0,1
2011,0.1089,PSWG,0,0,0,0
2011,0.1089,PSWG,0,1,0,2
2011,0.1089,PSWG,0,0,0,0
2011,0.1089,PSWG,0,0,0,3
2011,0.1089,PSWG,1,0,0,1
2011,0.1089,PSWG,0,0,0,1
2011,0.1089,PSWG,0,0,0,2
2011,0.1089,PSWG,0,0,1,1
2011,0.1089,PSWG,0,0,0,0
2011,0.1089,PSWG,0,0,0,0
2011,0.1089,PSWG,0,0,0,0
2011,0.1089,PSWG,0,0,0,0
2011,0.1089,PSWG,0,0,0,2
2011,0.1089,PSWG,0,0,0,1
2011,0.1089,PSWG,0,0,0,0
2011,0.1089,PSWG,0,0,0,0
2011,0.1089,PSWG,0,0,0,0
2011,0.1089,PSWG,0,0,0,2
2011,0.1089,PSWG,0,0,0,1
2011,0.1089,PSWG,0,1,0,2
2011,0.1089,PSWG,0,1,0,1
2011,0.1089,PSWG,0,1,0,1
2011,0.1089,PSWG,0,0,0,0
2011,0.1089,PSWG,0,0,0,1
2011,0.1089,PSWG,0,0,0,0
2011,0.1089,PSWG,0,1,0,2
2011,0.1089,PSWG,0,0,1,1
2011,0.1089,PSWG,0,1,0,3
2011,0.1089,PSWG,0,0,0,1
2011,0.1089,PSWG,1,0,0,1
2011,0.1089,PSWG,0,1,1,4
2011,0.1089,PSWG,1,0,0,4
2011,0.1089,PSWG,0,0,0,0
2011,0.1089,PSWG,0,2,0,2
2011,0.1089,PSWG,0,0,0,0
2011,0.1089,PSWG,0,0,0,1
2011,0.1089,PSWG,1,0,0,1
2011,0.1089,PSWG,0,0,0,0
2011,0.1089,PSWG,0,0,0,0
2011,0.1089,PSWG,1,0,0,1
2011,0.1089,PSWG,0,0,0,0
2011,0.1089,PSWG,0,0,0,1
2011,0.1089,PSWG,0,0,0,0
2011,0.1089,PSWG,0,0,0,2
2011,0.1089,PSWG,0,1,1,3
2011,0.1089,PSWG,0,0,0,1
2011,0.1089,PSWG,0,0,0,0
2011,0.1089,PSWG,0,0,0,1
2011,0.1089,PSWP,0,0,0,7
2011,0.1089,PSWP,0,0,0,1
2011,0.1089,PSWP,0,0,0,1
2011,0.1089,PSWP,0,0,1,2
2011,0.1089,PSWP,0,0,0,5
2011,0.1089,PSWP,0,0,0,0
2011,0.1089,PSWP,0,0,0,0
2011,0.1089,PSWP,0,0,2,4
2011,0.1089,PSWP,0,0,0,0
2011,0.1089,PSWP,0,0,0,0
2011,0.1089,PSWP,0,0,0,3
2011,0.1089,PSWP,0,0,0,5
2011,0.1089,PSWP,0,0,0,0
2011,0.1089,PSWP,0,0,0,0
2011,0.1089,PSWP,0,0,0,0
2011,0.1089,PSWP,1,0,0,1
2011,0.1089,PSWP,0,0,0,2
2011,0.1089,PSWP,0,0,0,17
2011,0.1089,PSWP,0,0,0,3
2011,0.1089,PSWP,0,0,0,3
2011,0.1089,PSWP,0,0,0,1
2011,0.1089,PSWP,1,0,0,3
2011,0.1089,PSWP,0,0,0,2
2011,0.1089,PSWP,0,0,0,1
2011,0.1089,PSWP,0,0,0,5
2011,0.1089,PSWP,0,0,0,0
2011,0.1089,PSWP,0,0,0,1
2011,0.1089,PSWP,0,0,0,3
2011,0.1089,PSWP,0,0,0,2
2011,0.1089,PSWP,0,0,0,5
2011,0.1089,PSWP,0,0,0,4
2011,0.1089,PSWP,0,0,0,2
2011,0.1089,PSWP,0,0,0,1
2011,0.1089,PSWP,0,0,0,0
2011,0.1089,PSWP,0,0,1,4
2011,0.1089,PSWP,0,0,0,0
2011,0.1089,PSWP,0,0,0,0
2011,0.1089,PSWP,0,0,0,3
2011,0.1089,PSWP,0,0,0,0
2011,0.1089,PSWP,0,0,0,0
2011,0.1089,PSWP,1,0,0,1
2011,0.1089,PSWP,0,0,0,0
2011,0.1089,PSWP,0,0,0,2
2011,0.1089,PSWP,0,0,0,3
2011,0.1089,PSWP,0,0,0,3
2011,0.1089,PSWP,0,0,0,0
2011,0.1089,PSWP,0,0,0,0
2011,0.1089,PSWP,0,0,0,0
2011,0.1089,PSWP,0,0,0,0
2011,0.1089,PSWP,0,0,0,0
2011,0.1089,PSWP,0,0,0,2
2011,0.1089,PSWP,0,0,0,1
2011,0.1089,PSWP,0,0,0,1
2011,0.1089,PSWP,0,0,0,5
2011,0.1089,PSWP,0,0,0,2
2011,0.1089,PSWP,0,0,0,3
2011,0.1089,PSWP,0,0,0,2
2011,0.1089,MWC,1,0,0,2
2011,0.1089,MWC,2,0,0,3
2011,0.1089,MWC,1,0,0,2
2011,0.1089,MWC,0,0,0,0
2011,0.1089,MWC,0,0,0,1
2011,0.1089,MWC,0,0,0,0
2011,0.1089,MWC,0,0,0,0
2011,0.1089,MWC,0,0,0,0
2011,0.1089,MWC,0,0,0,1
2011,0.1089,MWC,0,0,0,0
2011,0.1089,MWC,1,0,0,1
2011,0.1089,MWC,0,0,0,0
2011,0.1089,MWC,0,0,0,1
2011,0.1089,MWC,0,0,0,0
2011,0.1089,MWC,0,0,0,1
2011,0.1089,MWC,0,0,0,0
2011,0.1089,MWC,0,0,0,0
2011,0.1089,MWC,0,0,0,0
2011,0.1089,MWC,0,0,0,0
2011,0.1089,MWC,0,0,1,3
2011,0.1089,MWC,0,0,0,0
2011,0.1089,MWC,0,0,0,1
2011,0.1089,MWC,0,0,1,1
2011,0.1089,MWC,2,0,0,3
2011,0.1089,MWC,0,0,0,0
2011,0.1089,MWC,0,0,0,1
2011,0.1089,MWC,0,0,0,1
2011,0.1089,MWC,0,0,0,1
2011,0.1089,MWC,0,0,0,1
2011,0.1089,MWC,0,0,0,1
2011,0.1089,MWC,0,0,0,2
2011,0.1089,MWC,1,0,0,1
2011,0.1089,MWC,0,0,1,2
2011,0.1089,MWC,0,0,0,1
2011,0.1089,MWC,0,0,0,0
2011,0.1089,MWC,0,0,0,0
2011,0.1089,MWC,0,1,2,3
2011,0.1089,MWC,1,0,0,1
2011,0.1089,MWC,0,0,0,1
2011,0.1089,MWC,0,0,0,0
2011,0.1089,MWC,0,0,0,0
2011,0.1089,MWC,0,0,0,0
2011,0.1089,MWC,0,0,0,0
2011,0.1089,MWC,0,0,0,0
2011,0.1089,MWC,0,0,0,0
2011,0.1089,MWC,0,0,0,0
2011,0.1089,MWC,1,0,0,5
2011,0.1089,MWC,0,0,0,0
2011,0.1089,MWC,0,0,1,2
2011,0.1089,MWC,0,0,1,2
2011,0.1089,MWC,0,0,0,3
2011,0.1089,MWC,0,0,0,1
2011,0.1089,MWC,1,0,0,2
2011,0.1089,MWC,0,0,0,1
2011,0.1089,MWC,0,0,1,1
2011,0.1089,MWC,0,0,0,1
2011,0.1089,MWC,0,3,0,3
2011,0.1089,MWG,0,1,0,1
2011,0.1089,MWG,0,0,4,6
2011,0.1089,MWG,0,0,0,3
2011,0.1089,MWG,0,0,0,0
2011,0.1089,MWG,0,0,0,0
2011,0.1089,MWG,0,2,0,2
2011,0.1089,MWG,0,2,0,2
2011,0.1089,MWG,0,0,0,0
2011,0.1089,MWG,0,0,0,1
2011,0.1089,MWG,0,0,0,2
2011,0.1089,MWG,0,0,0,0
2011,0.1089,MWG,0,0,7,7
2011,0.1089,MWG,0,0,0,0
2011,0.1089,MWG,0,1,0,1
2011,0.1089,MWG,0,0,0,0
2011,0.1089,MWG,0,0,3,5
2011,0.1089,MWG,1,1,2,4
2011,0.1089,MWG,0,0,0,1
2011,0.1089,MWG,0,0,3,4
2011,0.1089,MWG,0,0,0,1
2011,0.1089,MWG,0,1,0,2
2011,0.1089,MWG,0,0,0,1
2011,0.1089,MWG,0,0,1,1
2011,0.1089,MWG,0,0,0,0
2011,0.1089,MWG,0,1,0,1
2011,0.1089,MWG,2,0,0,2
2011,0.1089,MWG,0,0,0,3
2011,0.1089,MWG,0,0,0,1
2011,0.1089,MWG,1,0,0,3
2011,0.1089,MWG,0,0,0,0
2011,0.1089,MWG,1,0,0,1
2011,0.1089,MWG,0,0,1,4
2011,0.1089,MWG,0,1,0,2
2011,0.1089,MWG,0,0,0,0
2011,0.1089,MWG,0,0,0,0
2011,0.1089,MWG,1,2,0,5
2011,0.1089,MWG,0,0,0,0
2011,0.1089,MWG,1,0,0,1
2011,0.1089,MWG,0,1,0,1
2011,0.1089,MWG,0,0,0,1
2011,0.1089,MWG,1,0,0,2
2011,0.1089,MWP,0,0,0,3
2011,0.1089,MWP,0,0,0,1
2011,0.1089,MWP,0,0,0,1
2011,0.1089,MWP,0,0,0,0
2011,0.1089,MWP,0,0,0,0
2011,0.1089,MWP,0,0,0,0
2011,0.1089,MWP,0,0,0,1
2011,0.1089,MWP,4,0,1,6
2011,0.1089,MWP,0,0,0,0
2011,0.1089,MWP,0,0,0,0
2011,0.1089,MWP,0,0,0,0
2011,0.1089,MWP,3,0,0,4
2011,0.1089,MWP,0,0,0,0
2011,0.1089,MWP,0,0,0,2
2011,0.1089,MWP,0,0,0,0
2011,0.1089,MWP,0,0,0,0
2011,0.1089,MWP,0,0,0,2
2011,0.1089,MWP,0,0,0,1
2011,0.1089,MWP,0,0,0,0
2011,0.1089,MWP,0,0,0,0
2011,0.1089,MWP,1,0,0,2
2011,0.1089,MWP,0,0,0,0
2011,0.1089,MWP,0,0,1,4
2011,0.1089,MWP,0,0,0,0
2011,0.1089,MWP,0,0,0,0
2011,0.1089,MWP,2,0,1,4
2011,0.1089,MWP,0,0,0,0
2011,0.1089,MWP,0,0,0,0
2011,0.1089,MWP,0,0,0,0
2011,0.1089,MWP,0,0,0,1
2011,0.1089,MWP,0,0,0,0
2011,0.1089,MWP,0,0,0,0
2011,0.1089,MWP,0,0,1,5
2011,0.1089,MWP,1,0,0,1
2011,0.1089,MWP,2,0,0,3
2011,0.1089,MWP,0,0,0,0
2011,0.1089,MWP,0,0,0,0
2011,0.1089,MWP,0,0,2,3
2011,0.1089,MWP,0,0,0,0
2011,0.1089,MWP,0,0,0,0
2011,0.1089,MWP,0,0,0,0
2011,0.1089,MWP,0,1,0,3
2011,0.1089,MWP,0,0,0,0
2011,0.1089,MWP,0,0,0,0
2011,0.1089,MWP,0,0,0,2
2011,0.1089,MWP,0,0,1,2
2011,0.1089,MWP,0,0,0,0
2011,0.1089,MWP,0,0,0,0
2011,0.1089,MWP,0,1,0,1
2011,0.1089,MWP,0,0,0,1
2011,0.1089,MWP,1,0,1,4
2011,0.1089,MWP,0,0,0,0
2011,0.1089,MWP,0,0,0,0
2011,0.1089,MWP,0,1,0,2
2011,0.1089,MWP,3,0,0,10
2011,0.1089,MWP,5,3,0,10
2017,0.25,MEC,0,0,0,0
2017,0.25,MEC,0,0,0,0
2017,0.25,MEC,1,0,0,1
2017,0.25,MEC,0,0,1,1
2017,0.25,MEC,0,0,0,0
2017,0.25,MEC,0,0,0,0
2017,0.25,MEC,0,0,0,0
2017,0.25,MEC,0,0,0,0
2017,0.25,MEC,0,0,2,2
2017,0.25,MEC,0,0,0,0
2017,0.25,MEC,0,0,0,0
2017,0.25,MEC,0,0,0,0
2017,0.25,MEC,0,0,0,0
2017,0.25,MEC,0,0,0,0
2017,0.25,MEC,0,0,0,1
2017,0.25,MEC,0,0,0,0
2017,0.25,MEC,0,0,0,0
2017,0.25,MEG,0,0,0,0
2017,0.25,MEG,0,0,0,0
2017,0.25,MEG,0,0,0,0
2017,0.25,MEG,0,0,0,0
2017,0.25,MEG,0,0,0,0
2017,0.25,MEG,0,0,0,0
2017,0.25,MEG,0,0,0,0
2017,0.25,MEG,0,0,0,0
2017,0.25,MEG,0,0,0,0
2017,0.25,MEG,0,0,0,0
2017,0.25,MEG,0,0,0,0
2017,0.25,MEG,0,0,0,0
2017,0.25,MEG,0,0,0,0
2017,0.25,MEG,0,0,0,0
2017,0.25,MEG,0,0,0,0
2017,0.25,MEG,0,0,0,0
2017,0.25,MEP,0,0,0,0
2017,0.25,MEP,0,0,0,0
2017,0.25,MEP,0,0,0,1
2017,0.25,MEP,0,0,0,0
2017,0.25,MEP,0,0,0,1
2017,0.25,MEP,0,0,0,0
2017,0.25,MEP,0,2,0,3
2017,0.25,MEP,0,3,0,5
2017,0.25,MEP,0,0,0,2
2017,0.25,MEP,0,0,1,1
2017,0.25,MEP,1,0,0,1
2017,0.25,MEP,0,0,0,1
2017,0.25,MEP,0,0,0,5
2017,0.25,MNWC,0,0,0,0
2017,0.25,MNWC,0,0,0,0
2017,0.25,MNWC,0,0,0,0
2017,0.25,MNWC,0,0,0,0
2017,0.25,MNWC,0,0,0,0
2017,0.25,MNWC,0,0,0,0
2017,0.25,MNWC,0,0,0,0
2017,0.25,MNWC,0,0,1,1
2017,0.25,MNWC,0,0,0,1
2017,0.25,MNWC,0,0,0,0
2017,0.25,MNWC,0,0,0,0
2017,0.25,MNWC,0,0,0,0
2017,0.25,MNWC,0,0,0,0
2017,0.25,MNWC,1,0,0,1
2017,0.25,MNWC,0,0,0,1
2017,0.25,MNWC,0,0,0,0
2017,0.25,MNWC,0,0,0,0
2017,0.25,MNWG,0,0,1,3
2017,0.25,MNWG,0,3,2,6
2017,0.25,MNWG,0,0,0,4
2017,0.25,MNWG,0,3,0,5
2017,0.25,MNWG,0,0,2,2
2017,0.25,MNWG,0,0,1,2
2017,0.25,MNWG,0,0,0,0
2017,0.25,MNWG,0,0,0,0
2017,0.25,MNWG,0,0,1,1
2017,0.25,MNWG,0,0,0,1
2017,0.25,MNWG,0,0,0,1
2017,0.25,MNWG,0,0,0,0
2017,0.25,MNWP,0,0,0,1
2017,0.25,MNWP,0,0,0,0
2017,0.25,MNWP,0,0,0,1
2017,0.25,MNWP,0,0,0,0
2017,0.25,MNWP,0,0,0,0
2017,0.25,MNWP,0,0,2,3
2017,0.25,MNWP,0,0,0,0
2017,0.25,MNWP,0,1,0,1
2017,0.25,MNWP,0,0,0,0
2017,0.25,MNWP,0,0,0,0
2017,0.25,MNWP,0,1,0,1
2017,0.25,MNWP,0,0,0,0
2017,0.25,MNWP,0,1,1,2
2017,0.25,MNWP,0,1,0,2
2017,0.25,MNWP,0,0,2,2
2017,0.25,MNWP,0,0,0,0
2017,0.25,MNWP,0,0,0,0
2017,0.25,MWC,0,0,0,0
2017,0.25,MWC,0,0,0,0
2017,0.25,MWC,0,0,0,0
2017,0.25,MWC,0,0,0,0
2017,0.25,MWC,0,0,0,0
2017,0.25,MWC,0,1,0,3
2017,0.25,MWC,0,0,0,0
2017,0.25,MWC,0,0,0,0
2017,0.25,MWC,0,0,0,0
2017,0.25,MWC,0,0,0,1
2017,0.25,MWC,0,0,0,1
2017,0.25,MWC,0,0,0,0
2017,0.25,MWC,0,0,0,1
2017,0.25,MWC,0,0,0,0
2017,0.25,MWC,0,0,0,1
2017,0.25,MWC,0,0,0,0
2017,0.25,MWC,0,0,0,0
2017,0.25,MWC,0,0,0,0
2017,0.25,MWC,0,0,0,0
2017,0.25,MWC,0,0,0,0
2017,0.25,MWC,0,0,0,0
2017,0.25,MWC,0,0,0,0
2017,0.25,MWC,0,0,0,0
2017,0.25,MWC,0,0,0,0
2017,0.25,MWG,0,0,0,0
2017,0.25,MWG,1,0,0,3
2017,0.25,MWG,0,0,0,0
2017,0.25,MWG,0,2,0,3
2017,0.25,MWG,0,1,1,3
2017,0.25,MWG,0,0,0,0
2017,0.25,MWG,0,2,0,3
2017,0.25,MWG,0,0,1,2
2017,0.25,MWG,0,5,1,8
2017,0.25,MWG,0,1,1,2
2017,0.25,MWG,0,0,1,2
2017,0.25,MWG,0,0,0,3
2017,0.25,MWG,0,0,0,1
2017,0.25,MWG,1,1,0,2
2017,0.25,MWP,0,0,0,0
2017,0.25,MWP,0,0,0,0
2017,0.25,MWP,0,0,0,0
2017,0.25,MWP,0,0,0,0
2017,0.25,MWP,0,0,0,0
2017,0.25,MWP,0,0,0,0
2017,0.25,MWP,0,0,0,0
2017,0.25,MWP,0,0,0,0
2017,0.25,MWP,0,0,0,0
2017,0.25,MWP,0,0,0,0
2017,0.25,MWP,0,0,0,0
2017,0.25,MWP,0,0,0,0
2017,0.25,MWP,0,0,0,0
2017,0.25,MWP,0,0,0,0
2017,0.25,MWP,1,0,0,1
2017,0.25,MWP,0,0,0,1
2017,0.25,MWP,0,0,0,0
2017,0.25,MWP,0,0,0,0
2017,0.25,MWP,0,0,0,0
2017,0.25,MWP,0,0,0,1
2017,0.25,MWP,0,0,0,0
2017,0.25,MWP,0,0,0,0
2017,0.25,MWP,0,0,0,0
2017,0.25,MWP,0,0,0,0
2017,0.25,MWP,0,0,0,0
2017,0.25,PNEC,0,0,0,0
2017,0.25,PNEC,0,0,0,0
2017,0.25,PNEC,0,0,0,0
2017,0.25,PNEC,0,0,0,0
2017,0.25,PNEC,0,0,0,0
2017,0.25,PNEC,0,0,0,0
2017,0.25,PNEC,0,0,0,0
2017,0.25,PNEC,0,0,0,0
2017,0.25,PNEC,0,0,0,0
2017,0.25,PNEC,0,0,1,1
2017,0.25,PNEC,0,0,0,0
2017,0.25,PNEC,0,0,0,0
2017,0.25,PNEC,0,0,0,0
2017,0.25,PNEC,0,0,0,0
2017,0.25,PNEC,0,0,0,0
2017,0.25,PNEC,0,0,0,0
2017,0.25,PNEC,0,0,0,0
2017,0.25,PNEC,0,0,0,0
2017,0.25,PNEC,0,0,1,1
2017,0.25,PNEC,0,0,0,0
2017,0.25,PNEC,0,0,0,0
2017,0.25,PNEC,0,0,0,0
2017,0.25,PNEC,0,0,0,0
2017,0.25,PNEC,0,0,0,0
2017,0.25,PNEC,0,0,0,0
2017,0.25,PNEC,0,0,0,0
2017,0.25,PNEG,0,1,0,1
2017,0.25,PNEG,0,1,0,3
2017,0.25,PNEG,0,0,0,0
2017,0.25,PNEG,0,0,1,1
2017,0.25,PNEG,0,0,0,0
2017,0.25,PNEG,0,0,0,1
2017,0.25,PNEG,0,0,0,1
2017,0.25,PNEG,0,0,0,1
2017,0.25,PNEG,0,0,0,0
2017,0.25,PNEG,0,0,0,1
2017,0.25,PNEG,0,0,0,2
2017,0.25,PNEG,0,1,0,1
2017,0.25,PNEG,0,0,0,0
2017,0.25,PNEG,0,0,0,1
2017,0.25,PNEG,0,1,1,2
2017,0.25,PNEG,0,1,0,4
2017,0.25,PNEG,0,0,0,1
2017,0.25,PNEG,0,0,0,0
2017,0.25,PNEG,0,0,0,0
2017,0.25,PNEG,0,1,0,1
2017,0.25,PNEG,0,0,0,0
2017,0.25,PNEG,0,1,0,1
2017,0.25,PNEG,0,0,0,1
2017,0.25,PNEP,0,0,1,1
2017,0.25,PNEP,0,0,0,1
2017,0.25,PNEP,0,0,0,0
2017,0.25,PNEP,0,0,0,0
2017,0.25,PNEP,0,1,0,1
2017,0.25,PNEP,0,1,0,1
2017,0.25,PNEP,0,0,0,0
2017,0.25,PNEP,0,0,0,0
2017,0.25,PNEP,0,0,2,2
2017,0.25,PNEP,0,0,0,0
2017,0.25,PNEP,1,0,0,1
2017,0.25,PNEP,0,0,0,0
2017,0.25,PNEP,0,0,1,1
2017,0.25,PNEP,0,0,2,2
2017,0.25,PNEP,1,0,0,1
2017,0.25,PNEP,0,0,0,0
2017,0.25,PNEP,0,0,0,1
2017,0.25,PNEP,0,0,1,3
2017,0.25,PNEP,0,0,1,1
2017,0.25,PNEP,0,0,0,0
2017,0.25,PNEP,0,0,0,0
2017,0.25,PNEP,0,0,0,0
2017,0.25,PNEP,0,0,0,0
2017,0.25,PNEP,0,0,0,0
2017,0.25,PNEP,0,0,0,0
2017,0.25,PSWC,0,0,0,0
2017,0.25,PSWC,0,0,0,0
2017,0.25,PSWC,0,0,0,0
2017,0.25,PSWC,0,0,0,0
2017,0.25,PSWC,0,0,0,0
2017,0.25,PSWC,0,0,0,0
2017,0.25,PSWC,0,0,0,0
2017,0.25,PSWC,0,0,0,0
2017,0.25,PSWC,0,0,0,0
2017,0.25,PSWC,0,0,0,0
2017,0.25,PSWC,0,0,0,0
2017,0.25,PSWC,0,0,0,0
2017,0.25,PSWC,0,0,0,1
2017,0.25,PSWC,0,0,0,0
2017,0.25,PSWC,0,0,0,0
2017,0.25,PSWC,0,0,0,0
2017,0.25,PSWC,0,0,0,0
2017,0.25,PSWC,4,0,0,4
2017,0.25,PSWC,2,0,0,2
2017,0.25,PSWC,0,0,0,0
2017,0.25,PSWC,1,0,0,1
2017,0.25,PSWC,0,0,0,1
2017,0.25,PSWG,0,0,0,0
2017,0.25,PSWG,0,1,0,5
2017,0.25,PSWG,0,0,0,0
2017,0.25,PSWG,0,0,0,1
2017,0.25,PSWG,0,0,0,1
2017,0.25,PSWG,0,0,0,0
2017,0.25,PSWG,0,0,0,1
2017,0.25,PSWG,0,0,0,0
2017,0.25,PSWG,0,0,0,0
2017,0.25,PSWG,0,0,0,1
2017,0.25,PSWG,0,0,0,0
2017,0.25,PSWG,0,0,1,1
2017,0.25,PSWG,0,0,0,9
2017,0.25,PSWG,0,0,0,2
2017,0.25,PSWG,0,1,0,1
2017,0.25,PSWG,0,0,1,1
2017,0.25,PSWG,0,0,5,7
2017,0.25,PSWG,0,0,0,0
2017,0.25,PSWG,0,0,0,1
2017,0.25,PSWG,0,0,1,3
2017,0.25,PSWG,0,0,0,0
2017,0.25,PSWG,0,0,0,0
2017,0.25,PSWG,0,0,0,1
2017,0.25,PSWG,0,1,0,1
2017,0.25,PSWP,0,0,0,1
2017,0.25,PSWP,0,0,1,1
2017,0.25,PSWP,0,0,0,0
2017,0.25,PSWP,0,0,0,0
2017,0.25,PSWP,0,0,0,1
2017,0.25,PSWP,0,0,0,0
2017,0.25,PSWP,0,0,0,1
2017,0.25,PSWP,0,0,0,1
2017,0.25,PSWP,0,0,0,1
2017,0.25,PSWP,0,0,0,1
2017,0.25,PSWP,0,0,5,5
2017,0.25,PSWP,0,0,0,2
2017,0.25,PSWP,0,0,0,0
2017,0.25,PSWP,0,0,0,1
2017,0.25,PSWP,0,0,1,1
2017,0.25,PSWP,0,0,1,1
2017,0.25,PSWP,0,0,0,0
2017,0.25,PSWP,0,0,0,0
2017,0.25,MSAC,0,0,0,0
2017,0.25,MSAC,0,0,0,0
2017,0.25,MSAC,0,0,0,0
2017,0.25,MSAC,0,0,0,0
2017,0.25,MSAC,0,0,0,0
2017,0.25,MSAC,0,0,0,0
2017,0.25,MSAC,0,0,0,0
2017,0.25,MSAC,0,0,0,0
2017,0.25,MSAC,0,0,0,0
2017,0.25,MSAC,0,0,0,0
2017,0.25,MSAC,0,0,1,1
2017,0.25,MSAC,0,0,0,0
2017,0.25,MSAC,0,0,0,0
2017,0.25,MSAC,0,0,0,0
2017,0.25,MSAC,0,0,0,0
2017,0.25,MSAC,0,0,0,0
2017,0.25,MSAC,0,0,4,4
2017,0.25,MSAC,0,0,0,0
2017,0.25,MSAC,0,0,0,0
2017,0.25,MSAC,0,0,1,1
2017,0.25,MSAC,0,0,0,0
2017,0.25,MSAC,0,0,0,0
2017,0.25,MSAC,0,0,0,0
2017,0.25,MSAG,0,1,0,1
2017,0.25,MSAG,0,0,0,0
2017,0.25,MSAG,0,2,1,3
2017,0.25,MSAG,0,0,0,0
2017,0.25,MSAG,0,0,0,0
2017,0.25,MSAG,0,1,0,2
2017,0.25,MSAG,0,0,0,2
2017,0.25,MSAG,0,0,0,1
2017,0.25,MSAG,1,0,0,5
2017,0.25,MSAG,0,0,0,1
2017,0.25,MSAG,0,0,0,2
2017,0.25,MSAP,0,0,0,0
2017,0.25,MSAP,0,0,0,0
2017,0.25,MSAP,0,0,0,0
2017,0.25,MSAP,0,0,0,0
2017,0.25,MSAP,0,0,0,0
2017,0.25,MSAP,0,0,0,0
2017,0.25,MSAP,0,0,0,0
2017,0.25,MSAP,0,0,0,0
2017,0.25,MSAP,0,0,0,0
2017,0.25,MSAP,0,0,0,0
2017,0.25,MSAP,0,0,0,0
2017,0.25,MSAP,0,0,0,0
2017,0.25,MSAP,0,0,0,0
2017,0.25,MSAP,0,0,0,0
2017,0.25,MSAP,0,0,0,0
2017,0.25,MSAP,0,0,0,0
2017,0.25,MSAP,0,0,0,1
